-- phpMyAdmin SQL Dump
-- version 4.7.4
-- https://www.phpmyadmin.net/
--
-- Host: 127.0.0.1
-- Generation Time: Aug 02, 2021 at 02:26 PM
-- Server version: 10.1.28-MariaDB
-- PHP Version: 7.1.11

SET SQL_MODE = "NO_AUTO_VALUE_ON_ZERO";
SET AUTOCOMMIT = 0;
START TRANSACTION;
SET time_zone = "+00:00";


/*!40101 SET @OLD_CHARACTER_SET_CLIENT=@@CHARACTER_SET_CLIENT */;
/*!40101 SET @OLD_CHARACTER_SET_RESULTS=@@CHARACTER_SET_RESULTS */;
/*!40101 SET @OLD_COLLATION_CONNECTION=@@COLLATION_CONNECTION */;
/*!40101 SET NAMES utf8mb4 */;

--
-- Database: `peramalan`
--

-- --------------------------------------------------------

--
-- Table structure for table `detail_distribusi`
--

CREATE TABLE `detail_distribusi` (
  `id_detail` int(255) NOT NULL,
  `id_distribusi` int(255) NOT NULL,
  `id_kios` int(255) NOT NULL,
  `id_pupuk` int(255) NOT NULL,
  `jumlah` int(255) NOT NULL,
  `supir` varchar(255) NOT NULL,
  `nopol` varchar(255) NOT NULL
) ENGINE=InnoDB DEFAULT CHARSET=latin1;

-- --------------------------------------------------------

--
-- Table structure for table `distribusi`
--

CREATE TABLE `distribusi` (
  `id_distribusi` int(255) NOT NULL,
  `id_kios` int(255) NOT NULL,
  `id_pupuk` int(255) NOT NULL,
  `jumlah` int(255) NOT NULL,
  `tanggal` date NOT NULL,
  `fk_karyawan` int(100) NOT NULL,
  `supir` varchar(255) NOT NULL,
  `nopol` varchar(255) NOT NULL
) ENGINE=InnoDB DEFAULT CHARSET=latin1;

--
-- Dumping data for table `distribusi`
--

INSERT INTO `distribusi` (`id_distribusi`, `id_kios`, `id_pupuk`, `jumlah`, `tanggal`, `fk_karyawan`, `supir`, `nopol`) VALUES
(3, 2, 1, 3, '2021-06-09', 14, 'sis', 'S 2548 NO'),
(4, 2, 1, 3, '2021-06-09', 14, '', ''),
(8, 6, 2, 1, '2021-07-23', 14, 'Sis', 'S 1111 AA');

-- --------------------------------------------------------

--
-- Table structure for table `jenis`
--

CREATE TABLE `jenis` (
  `id_jenis` int(255) NOT NULL,
  `nama_jenis` varchar(255) NOT NULL
) ENGINE=InnoDB DEFAULT CHARSET=latin1;

--
-- Dumping data for table `jenis`
--

INSERT INTO `jenis` (`id_jenis`, `nama_jenis`) VALUES
(1, 'Stok Awal'),
(2, 'Penebusan'),
(3, 'Pendistribusian'),
(4, 'Stok Akhir');

-- --------------------------------------------------------

--
-- Table structure for table `kategori`
--

CREATE TABLE `kategori` (
  `id_kategori` int(3) NOT NULL,
  `nama_kategori` varchar(100) NOT NULL,
  `warna` text NOT NULL
) ENGINE=InnoDB DEFAULT CHARSET=utf8mb4;

--
-- Dumping data for table `kategori`
--

INSERT INTO `kategori` (`id_kategori`, `nama_kategori`, `warna`) VALUES
(1, 'Urea', 'rgba(40, 178, 170, 0.7)'),
(2, 'ZA', 'rgba(252, 165, 3, 0.7)'),
(3, 'SP-36', 'rgba(69, 219, 31, 0.986)'),
(4, 'NPK', 'rgba(0, 99, 212, 0.986)'),
(5, 'Organik', 'rgba(127, 0, 212, 0.986)');

-- --------------------------------------------------------

--
-- Table structure for table `kios`
--

CREATE TABLE `kios` (
  `id_kios` int(100) NOT NULL,
  `nama_kios` varchar(1000) NOT NULL,
  `nama_pemilik` varchar(255) NOT NULL,
  `alamat` varchar(1000) NOT NULL,
  `no_telp` int(100) NOT NULL,
  `status` varchar(1000) NOT NULL
) ENGINE=InnoDB DEFAULT CHARSET=utf8mb4;

--
-- Dumping data for table `kios`
--

INSERT INTO `kios` (`id_kios`, `nama_kios`, `nama_pemilik`, `alamat`, `no_telp`, `status`) VALUES
(2, 'UD Rezeki Makmur', 'Pairan', 'Dsn. Urung Urung RT.007 / RW.001, Ds. Jatijejer', 1234552, 'Aktif'),
(5, 'Kios Pertanian', 'Budi Purwanto', 'Dsn. Biting RT.02, RW.06, Ds. Seloliman', 1213213, 'Aktif'),
(6, 'UD Makmur Jaya', 'Liha', 'Dsn. Kemendung RT.03, RW.01,  Ds. Penanggungan', 2147483647, 'Aktif'),
(7, 'KUD Serba Usaha', 'Muh Kusnawan', 'Dsn. Jibru RT.001 / RW.003, Ds. Belik', 2147483647, 'Aktif'),
(8, 'UD Sumber Tani', 'Bekti Dwihandoyo', 'Jln. Raya Tamiajeng RT.13 / RW.06. Ds. Tamiajeng', 13211354, 'Aktif'),
(9, 'Toko Pertanian Ono Sari', 'Sukarnadi', 'Jln Raya Kesiman Desa Kesiman', 345678901, 'Aktif'),
(10, 'UD Rendi Jaya', 'Rendy Almas Dewansa', 'Dsn. Urung Urung RT.014 / RW.002, Ds. Jatijejer', 234567891, 'Aktif');

-- --------------------------------------------------------

--
-- Table structure for table `laporan`
--

CREATE TABLE `laporan` (
  `id_laporan` int(100) NOT NULL,
  `id_kios` int(255) NOT NULL,
  `id_pupuk` int(255) NOT NULL,
  `id_jenis` int(11) NOT NULL,
  `qty` varchar(255) NOT NULL,
  `bulan` varchar(255) NOT NULL,
  `tahun` varchar(100) NOT NULL,
  `tanggal` datetime NOT NULL
) ENGINE=InnoDB DEFAULT CHARSET=utf8mb4;

--
-- Dumping data for table `laporan`
--

INSERT INTO `laporan` (`id_laporan`, `id_kios`, `id_pupuk`, `id_jenis`, `qty`, `bulan`, `tahun`, `tanggal`) VALUES
(21, 5, 1, 3, '5', 'Januari', '2017', '2017-01-01 00:00:00'),
(22, 7, 1, 3, '19', 'Januari', '2017', '2017-01-01 00:00:00'),
(23, 9, 1, 3, '25', 'Januari', '2017', '2017-01-01 00:00:00'),
(24, 6, 1, 3, '19', 'Januari', '2017', '2017-01-01 00:00:00'),
(25, 10, 1, 3, '15', 'Januari', '2017', '2017-01-01 00:00:00'),
(26, 2, 1, 3, '5', 'Januari', '2017', '2017-01-01 00:00:00'),
(27, 8, 1, 3, '4', 'Januari', '2017', '2017-01-01 00:00:00'),
(28, 5, 2, 3, '5', 'Januari', '2017', '2017-01-01 00:00:00'),
(29, 7, 2, 3, '12', 'Januari', '2017', '2017-01-01 00:00:00'),
(30, 9, 2, 3, '16', 'Januari', '2017', '2017-01-01 00:00:00'),
(31, 6, 2, 3, '15', 'Januari', '2017', '2017-01-01 00:00:00'),
(32, 10, 2, 3, '21', 'Januari', '2017', '2017-01-01 00:00:00'),
(34, 2, 2, 3, '5', 'Januari', '2017', '2017-01-01 00:00:00'),
(35, 8, 2, 3, '6', 'Januari', '2017', '2017-01-01 00:00:00'),
(36, 5, 5, 3, '17', 'Januari', '2017', '2017-01-01 00:00:00'),
(37, 7, 5, 3, '8', 'Januari', '2017', '2017-01-01 00:00:00'),
(38, 9, 5, 3, '2', 'Januari', '2017', '2017-01-01 00:00:00'),
(39, 6, 5, 3, '3', 'Januari', '2017', '2017-01-01 00:00:00'),
(40, 10, 5, 3, '4', 'Januari', '2017', '2017-01-01 00:00:00'),
(41, 2, 5, 3, '4', 'Januari', '2017', '2017-01-01 00:00:00'),
(53, 8, 5, 3, '14', 'Januari', '2017', '2017-01-01 00:00:00'),
(55, 5, 3, 3, '10', 'Januari', '2017', '2017-01-01 00:00:00'),
(56, 7, 3, 3, '6', 'Januari', '2017', '2017-01-01 00:00:00'),
(57, 9, 3, 3, '6', 'Januari', '2017', '2017-01-01 00:00:00'),
(58, 6, 3, 3, '4', 'Januari', '2017', '2017-01-01 00:00:00'),
(59, 10, 3, 3, '2', 'Januari', '2017', '2017-01-01 00:00:00'),
(60, 2, 3, 3, '4', 'Januari', '2017', '2017-01-01 00:00:00'),
(61, 8, 3, 3, '19', 'Januari', '2017', '2017-01-01 00:00:00'),
(62, 5, 4, 3, '13', 'Januari', '2017', '2017-01-01 00:00:00'),
(63, 7, 4, 3, '4', 'Januari', '2017', '2017-01-01 00:00:00'),
(64, 9, 4, 3, '5', 'Januari', '2017', '2017-01-01 00:00:00'),
(65, 6, 4, 3, '3', 'Januari', '2017', '2017-01-01 00:00:00'),
(66, 10, 4, 3, '9', 'Januari', '2017', '2017-01-01 00:00:00'),
(67, 2, 4, 3, '2', 'Januari', '2017', '2017-01-01 00:00:00'),
(68, 8, 4, 3, '13', 'Januari', '2017', '2017-01-01 00:00:00'),
(69, 5, 1, 3, '6', 'Februari', '2017', '2017-02-01 00:00:00'),
(70, 7, 1, 3, '20', 'Februari', '2017', '2017-02-01 00:00:00'),
(71, 9, 1, 3, '21', 'Februari', '2017', '2017-02-01 00:00:00'),
(72, 6, 1, 3, '15', 'Februari', '2017', '2017-02-01 00:00:00'),
(73, 10, 1, 3, '14', 'Februari', '2017', '2017-02-01 00:00:00'),
(74, 2, 1, 3, '4', 'Februari', '2017', '2017-02-01 00:00:00'),
(75, 8, 1, 3, '7', 'Februari', '2017', '2017-02-01 00:00:00'),
(76, 5, 1, 3, '5', 'Maret', '2017', '2017-03-01 00:00:00'),
(77, 7, 1, 3, '21', 'Maret', '2017', '2017-03-01 00:00:00'),
(78, 9, 2, 3, '24', 'Februari', '2017', '2017-02-01 00:00:00'),
(79, 6, 2, 3, '10', 'Februari', '2017', '2017-02-01 00:00:00'),
(80, 10, 2, 3, '17', 'Februari', '2017', '2017-02-01 00:00:00'),
(81, 2, 2, 3, '6', 'Februari', '2017', '2017-02-01 00:00:00'),
(82, 8, 2, 3, '5', 'Februari', '2017', '2017-02-01 00:00:00'),
(83, 5, 5, 3, '14', 'Februari', '2017', '2017-02-01 00:00:00'),
(84, 7, 5, 3, '5', 'Februari', '2017', '2017-02-01 00:00:00'),
(85, 9, 5, 3, '3', 'Februari', '2017', '2017-02-01 00:00:00'),
(86, 6, 5, 3, '3', 'Februari', '2017', '2017-02-01 00:00:00'),
(87, 10, 5, 3, '6', 'Februari', '2017', '2017-02-01 00:00:00'),
(88, 2, 5, 3, '5', 'Februari', '2017', '2017-02-01 00:00:00'),
(89, 8, 5, 3, '12', 'Februari', '2017', '2017-02-01 00:00:00'),
(90, 5, 3, 3, '15', 'Februari', '2017', '2017-02-01 00:00:00'),
(91, 7, 3, 3, '8', 'Februari', '2017', '2017-02-01 00:00:00'),
(92, 9, 3, 3, '6', 'Februari', '2017', '2017-02-01 00:00:00'),
(93, 6, 3, 3, '7', 'Februari', '2017', '2017-02-01 00:00:00'),
(94, 10, 3, 3, '2', 'Februari', '2017', '2017-02-01 00:00:00'),
(95, 2, 3, 3, '4', 'Februari', '2017', '2017-02-01 00:00:00'),
(96, 8, 3, 3, '15', 'Februari', '2017', '2017-02-01 00:00:00'),
(97, 5, 4, 3, '10', 'Februari', '2017', '2017-02-01 00:00:00'),
(98, 7, 4, 3, '5', 'Februari', '2017', '2017-02-01 00:00:00'),
(99, 9, 4, 3, '6', 'Februari', '2017', '2017-02-01 00:00:00'),
(100, 6, 4, 3, '4', 'Februari', '2017', '2017-02-01 00:00:00'),
(101, 10, 4, 3, '10', 'Februari', '2017', '2017-02-01 00:00:00'),
(102, 2, 4, 3, '3', 'Februari', '2017', '2017-02-01 00:00:00'),
(103, 8, 4, 3, '12', 'Februari', '2017', '2017-02-01 00:00:00'),
(104, 5, 1, 3, '4', 'April', '2017', '2017-04-01 00:00:00'),
(105, 7, 1, 3, '19', 'April', '2017', '2017-04-01 00:00:00'),
(106, 9, 1, 3, '21', 'Maret', '2017', '2017-03-01 00:00:00'),
(107, 6, 1, 3, '16', 'Maret', '2017', '2017-03-01 00:00:00'),
(108, 10, 1, 3, '17', 'Maret', '2017', '2017-03-01 00:00:00'),
(109, 2, 1, 3, '6', 'Maret', '2017', '2017-03-01 00:00:00'),
(110, 8, 1, 3, '4', 'Maret', '2017', '2017-03-01 00:00:00'),
(111, 5, 2, 3, '4', 'Februari', '2017', '2017-02-01 00:00:00'),
(112, 7, 2, 3, '12', 'Februari', '2017', '2017-02-01 00:00:00'),
(113, 9, 2, 3, '28', 'Maret', '2017', '2017-03-01 00:00:00'),
(114, 6, 2, 3, '15', 'Maret', '2017', '2017-03-01 00:00:00'),
(115, 10, 2, 3, '20', 'Maret', '2017', '2017-03-01 00:00:00'),
(116, 2, 2, 3, '7', 'Maret', '2017', '2017-03-01 00:00:00'),
(117, 8, 2, 3, '8', 'Maret', '2017', '2017-03-01 00:00:00'),
(118, 5, 5, 3, '18', 'Maret', '2017', '2017-03-01 00:00:00'),
(119, 7, 5, 3, '8', 'Maret', '2017', '2017-03-01 00:00:00'),
(120, 9, 5, 3, '4', 'Maret', '2017', '2017-03-01 00:00:00'),
(121, 6, 5, 3, '5', 'Maret', '2017', '2017-03-01 00:00:00'),
(122, 10, 5, 3, '5', 'Maret', '2017', '2017-03-01 00:00:00'),
(123, 2, 5, 3, '5', 'Maret', '2017', '2017-03-01 00:00:00'),
(124, 8, 5, 3, '18', 'Maret', '2017', '2017-03-01 00:00:00'),
(125, 5, 3, 3, '20', 'Maret', '2017', '2017-03-01 00:00:00'),
(126, 7, 3, 3, '8', 'Maret', '2017', '2017-03-01 00:00:00'),
(127, 9, 3, 3, '7', 'Maret', '2017', '2017-03-01 00:00:00'),
(128, 6, 3, 3, '4', 'Maret', '2017', '2017-03-01 00:00:00'),
(129, 10, 3, 3, '3', 'Maret', '2017', '2017-03-01 00:00:00'),
(130, 2, 3, 3, '9', 'Maret', '2017', '2017-03-01 00:00:00'),
(131, 8, 3, 3, '16', 'Maret', '2017', '2017-03-01 00:00:00'),
(132, 5, 4, 3, '12', 'Maret', '2017', '2017-03-01 00:00:00'),
(133, 7, 4, 3, '6', 'Maret', '2017', '2017-03-01 00:00:00'),
(134, 9, 4, 3, '7', 'Maret', '2017', '2017-03-01 00:00:00'),
(135, 6, 4, 3, '5', 'Maret', '2017', '2017-03-01 00:00:00'),
(136, 10, 4, 3, '11', 'Maret', '2017', '2017-03-01 00:00:00'),
(137, 2, 4, 3, '3', 'Maret', '2017', '2017-03-01 00:00:00'),
(138, 8, 4, 3, '13', 'Maret', '2017', '2017-03-01 00:00:00'),
(139, 5, 1, 3, '5', 'Mei', '2017', '2017-05-01 00:00:00'),
(140, 7, 1, 3, '17', 'Mei', '2017', '2017-05-01 00:00:00'),
(141, 9, 1, 3, '20', 'April', '2017', '2017-04-01 00:00:00'),
(142, 6, 1, 3, '20', 'April', '2017', '2017-04-01 00:00:00'),
(143, 10, 1, 3, '18', 'April', '2017', '2017-04-01 00:00:00'),
(144, 2, 1, 3, '7', 'April', '2017', '2017-04-01 00:00:00'),
(145, 8, 1, 3, '5', 'April', '2017', '2017-04-01 00:00:00'),
(146, 5, 2, 3, '7', 'Maret', '2017', '2017-03-01 00:00:00'),
(147, 7, 2, 3, '10', 'Maret', '2017', '2017-03-01 00:00:00'),
(148, 9, 2, 3, '30', 'April', '2017', '2017-04-01 00:00:00'),
(149, 6, 2, 3, '10', 'April', '2017', '2017-04-01 00:00:00'),
(150, 10, 2, 3, '19', 'April', '2017', '2017-04-01 00:00:00'),
(151, 2, 2, 3, '7', 'April', '2017', '2017-04-01 00:00:00'),
(152, 8, 2, 3, '5', 'April', '2017', '2017-04-01 00:00:00'),
(153, 5, 5, 3, '18', 'April', '2017', '2017-04-01 00:00:00'),
(154, 7, 5, 3, '6', 'April', '2017', '2017-04-01 00:00:00'),
(155, 9, 5, 3, '3', 'April', '2017', '2017-04-01 00:00:00'),
(156, 6, 5, 3, '6', 'April', '2017', '2017-04-01 00:00:00'),
(157, 10, 5, 3, '4', 'April', '2017', '2017-04-01 00:00:00'),
(158, 2, 5, 3, '6', 'April', '2017', '2017-04-01 00:00:00'),
(159, 8, 5, 3, '18', 'April', '2017', '2017-04-01 00:00:00'),
(160, 5, 3, 3, '20', 'April', '2017', '2017-04-01 00:00:00'),
(161, 7, 3, 3, '7', 'April', '2017', '2017-04-01 00:00:00'),
(162, 9, 3, 3, '7', 'April', '2017', '2017-04-01 00:00:00'),
(163, 6, 3, 3, '5', 'April', '2017', '2017-04-01 00:00:00'),
(164, 10, 3, 3, '3', 'April', '2017', '2017-04-01 00:00:00'),
(165, 2, 3, 3, '8', 'April', '2017', '2017-04-01 00:00:00'),
(166, 8, 3, 3, '20', 'April', '2017', '2017-04-01 00:00:00'),
(167, 5, 4, 3, '15', 'April', '2017', '2017-04-01 00:00:00'),
(168, 7, 4, 3, '6', 'April', '2017', '2017-04-01 00:00:00'),
(169, 9, 4, 3, '8', 'April', '2017', '2017-04-01 00:00:00'),
(170, 6, 4, 3, '7', 'April', '2017', '2017-04-01 00:00:00'),
(171, 10, 4, 3, '11', 'April', '2017', '2017-04-01 00:00:00'),
(172, 2, 4, 3, '2', 'April', '2017', '2017-04-01 00:00:00'),
(173, 8, 4, 3, '11', 'April', '2017', '2017-04-01 00:00:00'),
(174, 5, 1, 3, '5', 'Juni', '2017', '2017-06-01 00:00:00'),
(175, 7, 1, 3, '17', 'Juni', '2017', '2017-06-01 00:00:00'),
(176, 9, 1, 3, '19', 'Mei', '2017', '2017-05-01 00:00:00'),
(177, 6, 1, 3, '20', 'Mei', '2017', '2017-05-01 00:00:00'),
(178, 10, 1, 3, '16', 'Mei', '2017', '2017-05-01 00:00:00'),
(179, 2, 1, 3, '6', 'Mei', '2017', '2017-05-01 00:00:00'),
(180, 8, 1, 3, '5', 'Mei', '2017', '2017-05-01 00:00:00'),
(181, 5, 2, 3, '7', 'April', '2017', '2017-04-01 00:00:00'),
(182, 7, 2, 3, '11', 'April', '2017', '2017-04-01 00:00:00'),
(183, 9, 2, 3, '17', 'Mei', '2017', '2017-05-01 00:00:00'),
(184, 6, 2, 3, '13', 'Mei', '2017', '2017-05-01 00:00:00'),
(185, 10, 2, 3, '19', 'Mei', '2017', '2017-05-01 00:00:00'),
(186, 2, 2, 3, '6', 'Mei', '2017', '2017-05-01 00:00:00'),
(187, 8, 2, 3, '6', 'Mei', '2017', '2017-05-01 00:00:00'),
(188, 5, 5, 3, '16', 'Mei', '2017', '2017-05-01 00:00:00'),
(189, 7, 5, 3, '9', 'Mei', '2017', '2017-05-01 00:00:00'),
(190, 9, 5, 3, '3', 'Mei', '2017', '2017-05-01 00:00:00'),
(191, 6, 5, 3, '5', 'Mei', '2017', '2017-05-01 00:00:00'),
(192, 10, 5, 3, '5', 'Mei', '2017', '2017-05-01 00:00:00'),
(193, 2, 5, 3, '9', 'Mei', '2017', '2017-05-01 00:00:00'),
(194, 8, 5, 3, '17', 'Mei', '2017', '2017-05-01 00:00:00'),
(195, 5, 3, 3, '17', 'Mei', '2017', '2017-05-01 00:00:00'),
(196, 7, 3, 3, '7', 'Mei', '2017', '2017-05-01 00:00:00'),
(197, 9, 3, 3, '8', 'Mei', '2017', '2017-05-01 00:00:00'),
(198, 6, 3, 3, '5', 'Mei', '2017', '2017-05-01 00:00:00'),
(199, 10, 3, 3, '3', 'Mei', '2017', '2017-05-01 00:00:00'),
(200, 2, 3, 3, '8', 'Mei', '2017', '2017-05-01 00:00:00'),
(201, 8, 3, 3, '20', 'Mei', '2017', '2017-05-01 00:00:00'),
(202, 5, 4, 3, '13', 'Mei', '2017', '2017-05-01 00:00:00'),
(203, 7, 4, 3, '7', 'Mei', '2017', '2017-05-01 00:00:00'),
(204, 9, 4, 3, '7', 'Mei', '2017', '2017-05-01 00:00:00'),
(205, 6, 4, 3, '5', 'Mei', '2017', '2017-05-01 00:00:00'),
(206, 10, 4, 3, '7', 'Mei', '2017', '2017-05-01 00:00:00'),
(207, 2, 4, 3, '3', 'Mei', '2017', '2017-05-01 00:00:00'),
(208, 8, 4, 3, '11', 'Mei', '2017', '2017-06-01 00:00:00'),
(209, 5, 1, 3, '6', 'Juli', '2017', '2017-07-01 00:00:00'),
(210, 7, 1, 3, '15', 'Juli', '2017', '2017-07-01 00:00:00'),
(211, 9, 1, 3, '22', 'Juni', '2017', '2017-06-01 00:00:00'),
(212, 6, 1, 3, '28', 'Juni', '2017', '2017-06-01 00:00:00'),
(213, 10, 1, 3, '17', 'Juni', '2017', '2017-06-01 00:00:00'),
(214, 2, 1, 3, '7', 'Juni', '2017', '2017-06-01 00:00:00'),
(295, 8, 1, 3, '5', 'Juni', '2017', '2017-06-01 00:00:00'),
(296, 5, 2, 3, '5', 'Mei', '2017', '2017-05-01 00:00:00'),
(297, 7, 2, 3, '15', 'Mei', '2017', '2017-05-01 00:00:00'),
(298, 9, 2, 3, '16', 'Juni', '2017', '2017-06-01 00:00:00'),
(299, 6, 2, 3, '13', 'Juni', '2017', '2017-06-01 00:00:00'),
(300, 10, 2, 3, '18', 'Juni', '2017', '2017-06-01 00:00:00'),
(301, 2, 2, 3, '4', 'Juni', '2017', '2017-06-01 00:00:00'),
(302, 8, 2, 3, '5', 'Juni', '2017', '2017-06-01 00:00:00'),
(303, 5, 5, 3, '17', 'Juni', '2017', '2017-06-01 00:00:00'),
(304, 6, 1, 3, '24', 'Juli', '2017', '2017-07-01 00:00:00'),
(305, 5, 1, 3, '7', 'Agustus', '2017', '2017-08-01 00:00:00'),
(306, 9, 1, 3, '18', 'Juli', '2017', '2017-07-01 00:00:00'),
(307, 10, 1, 3, '17', 'Juli', '2017', '2017-07-01 00:00:00'),
(308, 2, 1, 3, '10', 'Juli', '2017', '2017-07-01 00:00:00'),
(309, 7, 1, 3, '10', 'Agustus', '2017', '2017-08-01 00:00:00'),
(310, 8, 1, 3, '7', 'Juli', '2017', '2017-07-01 00:00:00'),
(311, 6, 2, 3, '12', 'Juli', '2017', '2017-07-01 00:00:00'),
(312, 5, 2, 3, '5', 'Juni', '2017', '2017-06-01 00:00:00'),
(313, 9, 2, 3, '28', 'Juli', '2017', '2017-07-01 00:00:00'),
(314, 10, 2, 3, '19', 'Juli', '2017', '2017-07-01 00:00:00'),
(315, 2, 2, 3, '4', 'Juli', '2017', '2017-07-01 00:00:00'),
(316, 7, 2, 3, '16', 'Juni', '2017', '2017-06-01 00:00:00'),
(317, 8, 2, 3, '4', 'Juli', '2017', '2017-07-01 00:00:00'),
(318, 6, 5, 3, '5', 'Juli', '2017', '2017-07-01 00:00:00'),
(319, 5, 5, 3, '17', 'Juli', '2017', '2017-07-01 00:00:00'),
(320, 9, 5, 3, '5', 'Juli', '2017', '2017-07-01 00:00:00'),
(321, 10, 5, 3, '7', 'Juli', '2017', '2017-07-01 00:00:00'),
(322, 2, 5, 3, '8', 'Juli', '2017', '2017-07-01 00:00:00'),
(323, 7, 5, 3, '8', 'Juli', '2017', '2017-07-01 00:00:00'),
(324, 8, 5, 3, '18', 'Juli', '2017', '2017-07-01 00:00:00'),
(325, 6, 3, 3, '5', 'Juli', '2017', '2017-07-01 00:00:00'),
(326, 5, 3, 3, '10', 'Juli', '2017', '2017-07-01 00:00:00'),
(327, 9, 3, 3, '7', 'Juli', '2017', '2017-07-01 00:00:00'),
(328, 10, 3, 3, '6', 'Juli', '2017', '2017-07-01 00:00:00'),
(329, 2, 3, 3, '5', 'Juli', '2017', '2017-07-01 00:00:00'),
(330, 7, 3, 3, '7', 'Juli', '2017', '2017-07-01 00:00:00'),
(331, 8, 3, 3, '24', 'Juli', '2017', '2017-07-01 00:00:00'),
(332, 6, 4, 3, '6', 'Juli', '2017', '2017-07-01 00:00:00'),
(333, 5, 4, 3, '10', 'Juli', '2017', '2017-07-01 00:00:00'),
(334, 9, 4, 3, '8', 'Juli', '2017', '2017-07-01 00:00:00'),
(335, 10, 4, 3, '9', 'Juli', '2017', '2017-07-01 00:00:00'),
(336, 2, 4, 3, '4', 'Juli', '2017', '2017-07-01 00:00:00'),
(337, 7, 4, 3, '6', 'Juli', '2017', '2017-07-01 00:00:00'),
(338, 8, 4, 3, '12', 'Juli', '2017', '2017-07-01 00:00:00'),
(339, 6, 1, 3, '23', 'Agustus', '2017', '2017-08-01 00:00:00'),
(340, 5, 1, 3, '5', 'September', '2017', '2017-09-01 00:00:00'),
(341, 9, 1, 3, '18', 'Agustus', '2017', '2017-08-01 00:00:00'),
(342, 10, 1, 3, '14', 'Agustus', '2017', '2017-08-01 00:00:00'),
(343, 2, 1, 3, '15', 'Agustus', '2017', '2017-08-01 00:00:00'),
(344, 7, 1, 3, '10', 'September', '2017', '2017-09-01 00:00:00'),
(345, 8, 1, 3, '7', 'Agustus', '2017', '2017-08-01 00:00:00'),
(346, 6, 2, 3, '11', 'Agustus', '2017', '2017-08-01 00:00:00'),
(347, 5, 2, 3, '4', 'Juli', '2017', '2017-07-01 00:00:00'),
(348, 9, 2, 3, '27', 'Agustus', '2017', '2017-08-01 00:00:00'),
(349, 10, 2, 3, '16', 'Agustus', '2017', '2017-08-01 00:00:00'),
(350, 2, 2, 3, '5', 'Agustus', '2017', '2017-08-01 00:00:00'),
(351, 7, 2, 3, '13', 'Juli', '2017', '2017-07-01 00:00:00'),
(352, 8, 2, 3, '5', 'Agustus', '2017', '2017-08-01 00:00:00'),
(353, 6, 5, 3, '7', 'Agustus', '2017', '2017-08-01 00:00:00'),
(354, 5, 5, 3, '15', 'Agustus', '2017', '2017-08-01 00:00:00'),
(355, 9, 5, 3, '7', 'Agustus', '2017', '2017-08-01 00:00:00'),
(356, 10, 5, 3, '7', 'Agustus', '2017', '2017-08-01 00:00:00'),
(357, 2, 5, 3, '9', 'Agustus', '2017', '2017-08-01 00:00:00'),
(358, 7, 5, 3, '6', 'Agustus', '2017', '2017-08-01 00:00:00'),
(359, 8, 5, 3, '15', 'Agustus', '2017', '2017-08-01 00:00:00'),
(360, 6, 3, 3, '7', 'Agustus', '2017', '2017-08-01 00:00:00'),
(361, 5, 3, 3, '15', 'Agustus', '2017', '2017-08-01 00:00:00'),
(362, 9, 3, 3, '6', 'Agustus', '2017', '2017-08-01 00:00:00'),
(363, 10, 3, 3, '6', 'Agustus', '2017', '2017-08-01 00:00:00'),
(364, 2, 3, 3, '4', 'Agustus', '2017', '2017-08-01 00:00:00'),
(365, 7, 3, 3, '8', 'Agustus', '2017', '2017-08-01 00:00:00'),
(366, 8, 3, 3, '23', 'Agustus', '2017', '2017-08-01 00:00:00'),
(367, 6, 4, 3, '7', 'Agustus', '2017', '2017-08-01 00:00:00'),
(368, 5, 4, 3, '13', 'Agustus', '2017', '2017-08-01 00:00:00'),
(369, 9, 4, 3, '7', 'Agustus', '2017', '2017-08-01 00:00:00'),
(370, 10, 4, 3, '11', 'Agustus', '2017', '2017-08-01 00:00:00'),
(371, 2, 4, 3, '5', 'Agustus', '2017', '2017-08-01 00:00:00'),
(372, 7, 4, 3, '5', 'Agustus', '2017', '2017-08-01 00:00:00'),
(373, 8, 4, 3, '13', 'Agustus', '2017', '2017-08-01 00:00:00'),
(374, 6, 1, 3, '25', 'September', '2017', '2017-09-01 00:00:00'),
(413, 5, 1, 3, '4', 'Oktober', '2017', '2017-10-01 00:00:00'),
(414, 9, 1, 3, '17', 'September', '2017', '2017-09-01 00:00:00'),
(415, 10, 1, 3, '14', 'September', '2017', '2017-09-01 00:00:00'),
(416, 2, 1, 3, '18', 'September', '2017', '2017-09-01 00:00:00'),
(417, 7, 1, 3, '12', 'Oktober', '2017', '2017-10-01 00:00:00'),
(418, 8, 1, 3, '6', 'September', '2017', '2017-09-01 00:00:00'),
(419, 6, 2, 3, '10', 'September', '2017', '2017-09-01 00:00:00'),
(420, 5, 2, 3, '5', 'Agustus', '2017', '2017-08-01 00:00:00'),
(421, 9, 2, 3, '27', 'September', '2017', '2017-09-01 00:00:00'),
(422, 10, 2, 3, '15', 'September', '2017', '2017-09-01 00:00:00'),
(423, 2, 2, 3, '10', 'September', '2017', '2017-09-01 00:00:00'),
(424, 7, 2, 3, '12', 'Agustus', '2017', '2017-08-01 00:00:00'),
(425, 8, 2, 3, '7', 'September', '2017', '2017-09-01 00:00:00'),
(426, 6, 5, 3, '7', 'September', '2017', '2017-09-01 00:00:00'),
(427, 5, 5, 3, '14', 'September', '2017', '2017-09-01 00:00:00'),
(429, 9, 5, 3, '9', 'September', '2017', '2017-09-01 00:00:00'),
(430, 10, 5, 3, '8', 'September', '2017', '2017-09-01 00:00:00'),
(431, 2, 5, 3, '6', 'September', '2017', '2017-09-01 00:00:00'),
(432, 7, 5, 3, '6', 'September', '2017', '2017-09-01 00:00:00'),
(433, 8, 5, 3, '14', 'September', '2017', '2017-09-01 00:00:00'),
(434, 6, 3, 3, '7', 'September', '2017', '2017-09-01 00:00:00'),
(435, 5, 3, 3, '20', 'September', '2017', '2017-09-01 00:00:00'),
(436, 9, 3, 3, '7', 'September', '2017', '2017-09-01 00:00:00'),
(437, 10, 3, 3, '4', 'September', '2017', '2017-09-01 00:00:00'),
(438, 2, 3, 3, '5', 'September', '2017', '2017-09-01 00:00:00'),
(439, 7, 3, 3, '6', 'September', '2017', '2017-09-01 00:00:00'),
(440, 8, 3, 3, '25', 'September', '2017', '2017-09-01 00:00:00'),
(441, 6, 4, 3, '7', 'September', '2017', '2017-09-01 00:00:00'),
(442, 5, 4, 3, '12', 'September', '2017', '2017-09-01 00:00:00'),
(443, 9, 4, 3, '6', 'September', '2017', '2017-09-01 00:00:00'),
(444, 10, 4, 3, '8', 'September', '2017', '2017-09-01 00:00:00'),
(445, 2, 4, 3, '5', 'September', '2017', '2017-09-01 00:00:00'),
(446, 7, 4, 3, '5', 'September', '2017', '2017-09-01 00:00:00'),
(447, 8, 4, 3, '13', 'September', '2017', '2017-09-01 00:00:00'),
(448, 6, 1, 3, '21', 'Oktober', '2017', '2017-10-01 00:00:00'),
(449, 5, 1, 3, '5', 'November', '2017', '2017-11-01 00:00:00'),
(450, 9, 1, 3, '18', 'Oktober', '2017', '2017-10-01 00:00:00'),
(451, 10, 1, 3, '15', 'Oktober', '2017', '2017-10-01 00:00:00'),
(452, 2, 1, 3, '22', 'Oktober', '2017', '2017-10-01 00:00:00'),
(453, 7, 1, 3, '15', 'November', '2017', '2017-11-01 00:00:00'),
(454, 8, 1, 3, '5', 'Oktober', '2017', '2017-10-01 00:00:00'),
(455, 6, 2, 3, '7', 'Oktober', '2017', '2017-10-01 00:00:00'),
(456, 5, 2, 3, '6', 'September', '2017', '2017-09-01 00:00:00'),
(457, 9, 2, 3, '24', 'Oktober', '2017', '2017-10-01 00:00:00'),
(458, 10, 2, 3, '17', 'Oktober', '2017', '2017-10-01 00:00:00'),
(459, 2, 2, 3, '7', 'Oktober', '2017', '2017-10-01 00:00:00'),
(460, 7, 2, 3, '11', 'September', '2017', '2017-09-01 00:00:00'),
(461, 8, 2, 3, '8', 'Oktober', '2017', '2017-10-01 00:00:00'),
(462, 6, 5, 3, '10', 'Oktober', '2017', '2017-10-01 00:00:00'),
(463, 5, 5, 3, '15', 'Oktober', '2017', '2017-10-01 00:00:00'),
(464, 9, 5, 3, '8', 'Oktober', '2017', '2017-10-01 00:00:00'),
(465, 10, 5, 3, '6', 'Oktober', '2017', '2017-10-01 00:00:00'),
(466, 2, 5, 3, '10', 'Oktober', '2017', '2017-10-01 00:00:00'),
(467, 7, 5, 3, '4', 'Oktober', '2017', '2017-10-01 00:00:00'),
(468, 8, 5, 3, '15', 'Oktober', '2017', '2017-10-01 00:00:00'),
(469, 6, 3, 3, '6', 'Oktober', '2017', '2017-10-01 00:00:00'),
(470, 5, 3, 3, '25', 'Oktober', '2017', '2017-10-01 00:00:00'),
(471, 9, 3, 3, '5', 'Oktober', '2017', '2017-10-01 00:00:00'),
(472, 10, 3, 3, '3', 'Oktober', '2017', '2017-10-01 00:00:00'),
(473, 2, 3, 3, '6', 'Oktober', '2017', '2017-10-01 00:00:00'),
(474, 7, 3, 3, '5', 'Oktober', '2017', '2017-10-01 00:00:00'),
(475, 8, 3, 3, '21', 'Oktober', '2017', '2017-10-01 00:00:00'),
(476, 6, 4, 3, '5', 'Oktober', '2017', '2017-10-01 00:00:00'),
(477, 5, 4, 3, '12', 'Oktober', '2017', '2017-10-01 00:00:00'),
(478, 9, 4, 3, '5', 'Oktober', '2017', '2017-10-01 00:00:00'),
(479, 10, 4, 3, '10', 'Oktober', '2017', '2017-10-01 00:00:00'),
(480, 2, 4, 3, '6', 'Oktober', '2017', '2017-10-01 00:00:00'),
(481, 7, 4, 3, '6', 'Oktober', '2017', '2017-10-01 00:00:00'),
(482, 8, 4, 3, '14', 'Oktober', '2017', '2017-10-01 00:00:00'),
(483, 6, 1, 3, '25', 'November', '2017', '2017-11-01 00:00:00'),
(484, 5, 1, 3, '5', 'Desember', '2017', '2017-12-01 00:00:00'),
(485, 9, 1, 3, '21', 'November', '2017', '2017-11-01 00:00:00'),
(486, 10, 1, 3, '15', 'November', '2017', '2017-11-01 00:00:00'),
(487, 2, 1, 3, '22', 'November', '2017', '2017-11-01 00:00:00'),
(488, 7, 1, 3, '20', 'Desember', '2017', '2017-11-01 00:00:00'),
(489, 8, 1, 3, '4', 'November', '2017', '2017-11-01 00:00:00'),
(490, 6, 2, 3, '10', 'November', '2017', '2017-11-01 00:00:00'),
(491, 5, 2, 3, '6', 'Oktober', '2017', '2017-10-01 00:00:00'),
(492, 9, 2, 3, '25', 'November', '2017', '2017-11-01 00:00:00'),
(493, 10, 2, 3, '14', 'November', '2017', '2017-11-01 00:00:00'),
(494, 2, 2, 3, '6', 'November', '2017', '2017-11-01 00:00:00'),
(495, 7, 2, 3, '15', 'Oktober', '2017', '2017-10-01 00:00:00'),
(496, 8, 2, 3, '6', 'November', '2017', '2017-11-01 00:00:00'),
(497, 6, 5, 3, '8', 'November', '2017', '2017-11-01 00:00:00'),
(498, 5, 5, 3, '17', 'November', '2017', '2017-11-01 00:00:00'),
(499, 9, 5, 3, '9', 'November', '2017', '2017-11-01 00:00:00'),
(500, 10, 5, 3, '6', 'November', '2017', '2017-11-01 00:00:00'),
(501, 2, 5, 3, '15', 'November', '2017', '2017-11-01 00:00:00'),
(502, 7, 5, 3, '7', 'November', '2017', '2017-11-01 00:00:00'),
(503, 8, 5, 3, '15', 'November', '2017', '2017-11-01 00:00:00'),
(504, 6, 3, 3, '4', 'November', '2017', '2017-11-01 00:00:00'),
(505, 5, 3, 3, '23', 'November', '2017', '2017-11-01 00:00:00'),
(506, 9, 3, 3, '7', 'November', '2017', '2017-11-01 00:00:00'),
(507, 10, 3, 3, '4', 'November', '2017', '2017-11-01 00:00:00'),
(508, 2, 3, 3, '5', 'November', '2017', '2017-11-01 00:00:00'),
(509, 7, 3, 3, '7', 'November', '2017', '2017-11-01 00:00:00'),
(510, 8, 3, 3, '25', 'November', '2017', '2017-11-01 00:00:00'),
(511, 6, 4, 3, '6', 'November', '2017', '2017-11-01 00:00:00'),
(512, 5, 4, 3, '10', 'November', '2017', '2017-11-01 00:00:00'),
(513, 9, 4, 3, '7', 'November', '2017', '2017-11-01 00:00:00'),
(514, 10, 4, 3, '9', 'November', '2017', '2017-11-01 00:00:00'),
(515, 2, 4, 3, '6', 'November', '2017', '2017-11-01 00:00:00'),
(516, 7, 4, 3, '7', 'November', '2017', '2017-11-01 00:00:00'),
(517, 8, 4, 3, '11', 'November', '2017', '2017-11-01 00:00:00'),
(518, 6, 1, 3, '25', 'Desember', '2017', '2017-12-01 00:00:00'),
(519, 5, 1, 3, '7', 'Januari', '2018', '2018-01-01 00:00:00'),
(520, 9, 1, 3, '22', 'Desember', '2017', '2017-12-01 00:00:00'),
(521, 10, 1, 3, '13', 'Desember', '2017', '2017-12-01 00:00:00'),
(522, 2, 1, 3, '25', 'Desember', '2017', '2017-12-01 00:00:00'),
(523, 7, 1, 3, '22', 'Januari', '2018', '2018-01-01 00:00:00'),
(524, 8, 1, 3, '4', 'Desember', '2017', '2017-12-01 00:00:00'),
(525, 6, 2, 3, '13', 'Desember', '2017', '2017-12-01 00:00:00'),
(526, 5, 2, 3, '4', 'November', '2017', '2017-11-01 00:00:00'),
(527, 9, 2, 3, '27', 'Desember', '2017', '2017-12-01 00:00:00'),
(528, 10, 2, 3, '10', 'Desember', '2017', '2017-12-01 00:00:00'),
(529, 2, 2, 3, '6', 'Desember', '2017', '2017-12-01 00:00:00'),
(530, 7, 2, 3, '17', 'November', '2017', '2017-11-01 00:00:00'),
(531, 8, 2, 3, '5', 'Desember', '2017', '2017-12-01 00:00:00'),
(532, 6, 5, 3, '8', 'Desember', '2017', '2017-12-01 00:00:00'),
(533, 5, 5, 3, '13', 'Desember', '2017', '2017-12-01 00:00:00'),
(534, 9, 5, 3, '7', 'Desember', '2017', '2017-12-01 00:00:00'),
(535, 10, 5, 3, '5', 'Desember', '2017', '2017-12-01 00:00:00'),
(537, 2, 5, 3, '11', 'Desember', '2017', '2017-12-01 00:00:00'),
(538, 7, 5, 3, '6', 'Desember', '2017', '2017-12-01 00:00:00'),
(539, 8, 5, 3, '13', 'Desember', '2017', '2017-12-01 00:00:00'),
(540, 6, 3, 3, '4', 'Desember', '2017', '2017-12-01 00:00:00'),
(541, 5, 3, 3, '25', 'Desember', '2017', '2017-12-01 00:00:00'),
(542, 9, 3, 3, '8', 'Desember', '2017', '2017-12-01 00:00:00'),
(543, 10, 3, 3, '5', 'Desember', '2017', '2017-12-01 00:00:00'),
(544, 2, 3, 3, '5', 'Desember', '2017', '2017-12-01 00:00:00'),
(545, 7, 3, 3, '6', 'Desember', '2017', '2017-12-01 00:00:00'),
(546, 8, 3, 3, '25', 'Desember', '2017', '2017-12-01 00:00:00'),
(547, 6, 4, 3, '9', 'Desember', '2017', '2017-12-01 00:00:00'),
(548, 5, 4, 3, '11', 'Desember', '2017', '2017-12-01 00:00:00'),
(549, 9, 4, 3, '7', 'Desember', '2017', '2017-12-01 00:00:00'),
(550, 10, 4, 3, '11', 'Desember', '2017', '2017-12-01 00:00:00'),
(551, 2, 4, 3, '8', 'Desember', '2017', '2017-12-01 00:00:00'),
(552, 7, 4, 3, '6', 'Desember', '2017', '2017-12-01 00:00:00'),
(553, 8, 4, 3, '12', 'Desember', '2017', '2017-12-01 00:00:00'),
(554, 7, 5, 3, '7', 'Juni', '2017', '2017-06-01 00:00:00'),
(555, 9, 5, 3, '4', 'Juni', '2017', '2017-06-01 00:00:00'),
(556, 6, 5, 3, '5', 'Juni', '2017', '2017-06-01 00:00:00'),
(557, 10, 5, 3, '5', 'Juni', '2017', '2017-06-01 00:00:00'),
(558, 2, 5, 3, '8', 'Juni', '2017', '2017-06-01 00:00:00'),
(559, 8, 5, 3, '17', 'Juni', '2017', '2017-06-01 00:00:00'),
(560, 5, 3, 3, '16', 'Juni', '2017', '2017-06-01 00:00:00'),
(561, 7, 3, 3, '8', 'Juni', '2017', '2017-06-01 00:00:00'),
(562, 9, 3, 3, '7', 'Juni', '2017', '2017-06-01 00:00:00'),
(563, 6, 3, 3, '4', 'Juni', '2017', '2017-06-01 00:00:00'),
(564, 10, 3, 3, '4', 'Juni', '2017', '2017-06-01 00:00:00'),
(565, 2, 3, 3, '5', 'Juni', '2017', '2017-06-01 00:00:00'),
(566, 8, 3, 3, '28', 'Juni', '2017', '2017-06-01 00:00:00'),
(567, 5, 4, 3, '13', 'Juni', '2017', '2017-06-01 00:00:00'),
(568, 7, 4, 3, '7', 'Juni', '2017', '2017-06-01 00:00:00'),
(569, 9, 4, 3, '7', 'Juni', '2017', '2017-06-01 00:00:00'),
(570, 6, 4, 3, '5', 'Juni', '2017', '2017-06-01 00:00:00'),
(571, 10, 4, 3, '6', 'Juni', '2017', '2017-06-01 00:00:00'),
(572, 2, 4, 3, '3', 'Juni', '2017', '2017-06-01 00:00:00'),
(573, 8, 4, 3, '11', 'Juni', '2017', '2017-06-01 00:00:00'),
(973, 6, 1, 3, '20', 'Januari', '2018', '2018-01-01 00:00:00'),
(974, 5, 1, 3, '7', 'Februari', '2018', '2018-02-01 00:00:00'),
(975, 9, 1, 3, '17', 'Januari', '2018', '2018-01-01 00:00:00'),
(976, 10, 1, 3, '14', 'Januari', '2018', '2018-01-01 00:00:00'),
(977, 2, 1, 3, '25', 'Januari', '2018', '2018-01-01 00:00:00'),
(978, 7, 1, 3, '21', 'Februari', '2018', '2018-02-01 00:00:00'),
(979, 8, 1, 3, '3', 'Januari', '2018', '2018-01-01 00:00:00'),
(980, 6, 2, 3, '13', 'Januari', '2018', '2018-01-01 00:00:00'),
(981, 5, 2, 3, '5', 'Desember', '2017', '2017-12-01 00:00:00'),
(982, 9, 2, 3, '22', 'Januari', '2018', '2018-01-01 00:00:00'),
(983, 10, 2, 3, '9', 'Januari', '2018', '2018-01-01 00:00:00'),
(984, 2, 2, 3, '6', 'Januari', '2018', '2018-01-01 00:00:00'),
(985, 7, 2, 3, '18', 'Desember', '2017', '2017-12-01 00:00:00'),
(986, 8, 2, 3, '5', 'Januari', '2018', '2018-01-01 00:00:00'),
(987, 6, 5, 3, '6', 'Januari', '2018', '2018-01-01 00:00:00'),
(988, 5, 5, 3, '14', 'Januari', '2018', '2018-01-01 00:00:00'),
(989, 9, 5, 3, '6', 'Januari', '2018', '2018-01-01 00:00:00'),
(990, 10, 5, 3, '4', 'Januari', '2018', '2018-01-01 00:00:00'),
(991, 2, 5, 3, '10', 'Januari', '2018', '2018-01-01 00:00:00'),
(992, 7, 5, 3, '6', 'Januari', '2018', '2018-01-01 00:00:00'),
(993, 8, 5, 3, '17', 'Januari', '2018', '2018-01-01 00:00:00'),
(994, 6, 3, 3, '3', 'Januari', '2018', '2018-01-01 00:00:00'),
(995, 5, 3, 3, '20', 'Januari', '2018', '2018-01-01 00:00:00'),
(996, 9, 3, 3, '9', 'Januari', '2018', '2018-01-01 00:00:00'),
(997, 10, 3, 3, '7', 'Januari', '2018', '2018-01-01 00:00:00'),
(998, 2, 3, 3, '8', 'Januari', '2018', '2018-01-01 00:00:00'),
(999, 7, 3, 3, '7', 'Januari', '2018', '2018-01-01 00:00:00'),
(1000, 8, 3, 3, '20', 'Januari', '2018', '2018-01-01 00:00:00'),
(1001, 6, 4, 3, '8', 'Januari', '2018', '2018-01-01 00:00:00'),
(1002, 5, 4, 3, '12', 'Januari', '2018', '2018-01-01 00:00:00'),
(1003, 9, 4, 3, '7', 'Januari', '2018', '2018-01-01 00:00:00'),
(1004, 10, 4, 3, '11', 'Januari', '2018', '2018-01-01 00:00:00'),
(1005, 2, 4, 3, '10', 'Januari', '2018', '2018-01-01 00:00:00'),
(1006, 7, 4, 3, '6', 'Januari', '2018', '2018-01-01 00:00:00'),
(1007, 8, 4, 3, '12', 'Januari', '2018', '2018-01-01 00:00:00'),
(1043, 6, 1, 3, '25', 'Februari', '2018', '2018-02-01 00:00:00'),
(1044, 5, 1, 3, '10', 'Maret', '2018', '2018-03-01 00:00:00'),
(1045, 9, 1, 3, '19', 'Februari', '2018', '2018-02-01 00:00:00'),
(1046, 10, 1, 3, '13', 'Februari', '2018', '2018-02-01 00:00:00'),
(1047, 2, 1, 3, '23', 'Februari', '2018', '2018-02-01 00:00:00'),
(1048, 7, 1, 3, '22', 'Maret', '2018', '2018-03-01 00:00:00'),
(1049, 8, 1, 3, '7', 'Februari', '2018', '2018-02-01 00:00:00'),
(1050, 6, 2, 3, '17', 'Februari', '2018', '2018-02-01 00:00:00'),
(1051, 5, 2, 3, '5', 'Januari', '2018', '2018-01-01 00:00:00'),
(1052, 9, 2, 3, '21', 'Februari', '2018', '2018-02-01 00:00:00'),
(1053, 10, 2, 3, '9', 'Februari', '2018', '2018-02-01 00:00:00'),
(1054, 2, 2, 3, '7', 'Februari', '2018', '2018-02-01 00:00:00'),
(1055, 7, 2, 3, '17', 'Januari', '2018', '2018-01-01 00:00:00'),
(1056, 8, 2, 3, '5', 'Februari', '2018', '2018-02-01 00:00:00'),
(1057, 6, 5, 3, '5', 'Februari', '2018', '2018-02-01 00:00:00'),
(1058, 5, 5, 3, '13', 'Februari', '2018', '2018-02-01 00:00:00'),
(1059, 9, 5, 3, '6', 'Februari', '2018', '2018-02-01 00:00:00'),
(1060, 10, 5, 3, '6', 'Februari', '2018', '2018-02-01 00:00:00'),
(1061, 2, 5, 3, '8', 'Februari', '2018', '2018-02-01 00:00:00'),
(1062, 7, 5, 3, '7', 'Februari', '2018', '2018-02-01 00:00:00'),
(1063, 8, 5, 3, '13', 'Februari', '2018', '2018-02-01 00:00:00'),
(1064, 6, 3, 3, '7', 'Februari', '2018', '2018-02-01 00:00:00'),
(1065, 5, 3, 3, '22', 'Februari', '2018', '2018-02-01 00:00:00'),
(1066, 9, 3, 3, '7', 'Februari', '2018', '2018-02-01 00:00:00'),
(1067, 10, 3, 3, '9', 'Februari', '2018', '2018-02-01 00:00:00'),
(1068, 2, 3, 3, '7', 'Februari', '2018', '2018-02-01 00:00:00'),
(1069, 7, 3, 3, '6', 'Februari', '2018', '2018-02-01 00:00:00'),
(1070, 8, 3, 3, '25', 'Februari', '2018', '2018-02-01 00:00:00'),
(1071, 6, 4, 3, '5', 'Februari', '2018', '2018-02-01 00:00:00'),
(1072, 5, 4, 3, '13', 'Februari', '2018', '2018-02-01 00:00:00'),
(1073, 9, 4, 3, '7', 'Februari', '2018', '2018-02-01 00:00:00'),
(1074, 10, 4, 3, '13', 'Februari', '2018', '2018-02-01 00:00:00'),
(1075, 2, 4, 3, '10', 'Februari', '2018', '2018-02-01 00:00:00'),
(1076, 7, 4, 3, '7', 'Februari', '2018', '2018-02-01 00:00:00'),
(1077, 8, 4, 3, '13', 'Februari', '2018', '2018-02-01 00:00:00'),
(1113, 6, 1, 3, '21', 'Maret', '2018', '2018-03-01 00:00:00'),
(1114, 5, 1, 3, '12', 'April', '2018', '2018-04-01 00:00:00'),
(1115, 9, 1, 3, '24', 'Maret', '2018', '2018-03-01 00:00:00'),
(1116, 10, 1, 3, '18', 'Maret', '2018', '2018-03-01 00:00:00'),
(1117, 2, 1, 3, '22', 'Maret', '2018', '2018-03-01 00:00:00'),
(1118, 7, 1, 3, '20', 'April', '2018', '2018-04-01 00:00:00'),
(1119, 8, 1, 3, '8', 'Maret', '2018', '2018-03-01 00:00:00'),
(1120, 6, 2, 3, '15', 'Maret', '2018', '2018-03-01 00:00:00'),
(1121, 5, 2, 3, '6', 'Februari', '2018', '2018-02-01 00:00:00'),
(1122, 9, 2, 3, '19', 'Maret', '2018', '2018-03-01 00:00:00'),
(1123, 10, 2, 3, '11', 'Maret', '2018', '2018-03-01 00:00:00'),
(1124, 2, 2, 3, '8', 'Maret', '2018', '2018-03-01 00:00:00'),
(1125, 7, 2, 3, '20', 'Februari', '2018', '2018-02-01 00:00:00'),
(1126, 8, 2, 3, '11', 'Maret', '2018', '2018-03-01 00:00:00'),
(1127, 6, 5, 3, '5', 'Maret', '2018', '2018-03-01 00:00:00'),
(1128, 5, 5, 3, '18', 'Maret', '2018', '2018-03-01 00:00:00'),
(1129, 9, 5, 3, '7', 'Maret', '2018', '2018-03-01 00:00:00'),
(1130, 10, 5, 3, '9', 'Maret', '2018', '2018-03-01 00:00:00'),
(1131, 2, 5, 3, '7', 'Maret', '2018', '2018-03-01 00:00:00'),
(1132, 7, 5, 3, '8', 'Maret', '2018', '2018-03-01 00:00:00'),
(1133, 8, 5, 3, '17', 'Maret', '2018', '2018-03-01 00:00:00'),
(1134, 6, 3, 3, '8', 'Maret', '2018', '2018-03-01 00:00:00'),
(1135, 5, 3, 3, '20', 'Maret', '2018', '2018-03-01 00:00:00'),
(1136, 9, 3, 3, '10', 'Maret', '2018', '2018-03-01 00:00:00'),
(1137, 10, 3, 3, '7', 'Maret', '2018', '2018-03-01 00:00:00'),
(1138, 2, 3, 3, '9', 'Maret', '2018', '2018-03-01 00:00:00'),
(1139, 7, 3, 3, '8', 'Maret', '2018', '2018-03-01 00:00:00'),
(1140, 8, 3, 3, '21', 'Maret', '2018', '2018-03-01 00:00:00'),
(1141, 6, 4, 3, '5', 'Maret', '2018', '2018-03-01 00:00:00'),
(1142, 5, 4, 3, '13', 'Maret', '2018', '2018-03-01 00:00:00'),
(1143, 9, 4, 3, '9', 'Maret', '2018', '2018-03-01 00:00:00'),
(1144, 10, 4, 3, '12', 'Maret', '2018', '2018-03-01 00:00:00'),
(1145, 2, 4, 3, '7', 'Maret', '2018', '2018-03-01 00:00:00'),
(1146, 7, 4, 3, '8', 'Maret', '2018', '2018-03-01 00:00:00'),
(1147, 8, 4, 3, '10', 'Maret', '2018', '2018-03-01 00:00:00'),
(1183, 6, 1, 3, '24', 'April', '2018', '2018-04-01 00:00:00'),
(1184, 5, 1, 3, '13', 'Mei', '2018', '2018-05-01 00:00:00'),
(1185, 9, 1, 3, '21', 'April', '2018', '2018-04-01 00:00:00'),
(1186, 10, 1, 3, '20', 'April', '2018', '2018-04-01 00:00:00'),
(1187, 2, 1, 3, '15', 'April', '2018', '2018-04-01 00:00:00'),
(1188, 7, 1, 3, '19', 'Mei', '2018', '2018-05-01 00:00:00'),
(1189, 8, 1, 3, '12', 'April', '2018', '2018-04-01 00:00:00'),
(1190, 6, 2, 3, '15', 'April', '2018', '2018-04-01 00:00:00'),
(1191, 5, 2, 3, '12', 'Maret', '2018', '2018-03-01 00:00:00'),
(1192, 9, 2, 3, '20', 'April', '2018', '2018-04-01 00:00:00'),
(1193, 10, 2, 3, '7', 'April', '2018', '2018-04-01 00:00:00'),
(1194, 2, 2, 3, '8', 'April', '2018', '2018-04-01 00:00:00'),
(1195, 7, 2, 3, '22', 'Maret', '2018', '2018-03-01 00:00:00'),
(1196, 8, 2, 3, '12', 'April', '2018', '2018-04-01 00:00:00'),
(1197, 6, 5, 3, '4', 'April', '2018', '2018-04-01 00:00:00'),
(1198, 5, 5, 3, '19', 'April', '2018', '2018-04-01 00:00:00'),
(1199, 9, 5, 3, '5', 'April', '2018', '2018-04-01 00:00:00'),
(1200, 10, 5, 3, '12', 'April', '2018', '2018-04-01 00:00:00'),
(1201, 2, 5, 3, '7', 'April', '2018', '2018-04-01 00:00:00'),
(1202, 7, 5, 3, '9', 'April', '2018', '2018-04-01 00:00:00'),
(1203, 8, 5, 3, '20', 'April', '2018', '2018-04-01 00:00:00'),
(1204, 6, 3, 3, '12', 'April', '2018', '2018-04-01 00:00:00'),
(1205, 5, 3, 3, '18', 'April', '2018', '2018-04-01 00:00:00'),
(1206, 9, 3, 3, '8', 'April', '2018', '2018-04-01 00:00:00'),
(1207, 10, 3, 3, '6', 'April', '2018', '2018-04-01 00:00:00'),
(1208, 2, 3, 3, '10', 'April', '2018', '2018-04-01 00:00:00'),
(1209, 7, 3, 3, '9', 'April', '2018', '2018-04-01 00:00:00'),
(1210, 8, 3, 3, '24', 'April', '2018', '2018-04-01 00:00:00'),
(1211, 6, 4, 3, '5', 'April', '2018', '2018-04-01 00:00:00'),
(1212, 5, 4, 3, '14', 'April', '2018', '2018-04-01 00:00:00'),
(1213, 9, 4, 3, '8', 'April', '2018', '2018-04-01 00:00:00'),
(1214, 10, 4, 3, '10', 'April', '2018', '2018-04-01 00:00:00'),
(1215, 2, 4, 3, '7', 'April', '2018', '2018-04-01 00:00:00'),
(1216, 7, 4, 3, '9', 'April', '2018', '2018-04-01 00:00:00'),
(1217, 8, 4, 3, '11', 'April', '2018', '2018-04-01 00:00:00'),
(1253, 6, 1, 3, '23', 'Mei', '2018', '2018-05-01 00:00:00'),
(1254, 5, 1, 3, '10', 'Juni', '2018', '2018-06-01 00:00:00'),
(1255, 9, 1, 3, '22', 'Mei', '2018', '2018-05-01 00:00:00'),
(1256, 10, 1, 3, '17', 'Mei', '2018', '2018-05-01 00:00:00'),
(1257, 2, 1, 3, '16', 'Mei', '2018', '2018-05-01 00:00:00'),
(1258, 7, 1, 3, '16', 'Juni', '2018', '2018-06-01 00:00:00'),
(1259, 8, 1, 3, '13', 'Mei', '2018', '2018-05-01 00:00:00'),
(1260, 6, 2, 3, '16', 'Mei', '2018', '2018-05-01 00:00:00'),
(1261, 5, 2, 3, '12', 'April', '2018', '2018-04-01 00:00:00'),
(1262, 9, 2, 3, '22', 'Mei', '2018', '2018-05-01 00:00:00'),
(1263, 10, 2, 3, '12', 'Mei', '2018', '2018-05-01 00:00:00'),
(1264, 2, 2, 3, '8', 'Mei', '2018', '2018-05-01 00:00:00'),
(1265, 7, 2, 3, '22', 'April', '2018', '2018-04-01 00:00:00'),
(1266, 8, 2, 3, '10', 'Mei', '2018', '2018-05-01 00:00:00'),
(1267, 6, 5, 3, '4', 'Mei', '2018', '2018-05-01 00:00:00'),
(1268, 5, 5, 3, '17', 'Mei', '2018', '2018-05-01 00:00:00'),
(1269, 9, 5, 3, '4', 'Mei', '2018', '2018-05-01 00:00:00'),
(1270, 10, 5, 3, '13', 'Mei', '2018', '2018-05-01 00:00:00'),
(1271, 2, 5, 3, '8', 'Mei', '2018', '2018-05-01 00:00:00'),
(1272, 7, 5, 3, '8', 'Mei', '2018', '2018-05-01 00:00:00'),
(1273, 8, 5, 3, '18', 'Mei', '2018', '2018-05-01 00:00:00'),
(1274, 6, 3, 3, '13', 'Mei', '2018', '2018-05-01 00:00:00'),
(1275, 5, 3, 3, '17', 'Mei', '2018', '2018-05-01 00:00:00'),
(1276, 9, 3, 3, '8', 'Mei', '2018', '2018-05-01 00:00:00'),
(1277, 10, 3, 3, '5', 'Mei', '2018', '2018-05-01 00:00:00'),
(1278, 2, 3, 3, '10', 'Mei', '2018', '2018-05-01 00:00:00'),
(1279, 7, 3, 3, '8', 'Mei', '2018', '2018-05-01 00:00:00'),
(1280, 8, 3, 3, '23', 'Mei', '2018', '2018-05-01 00:00:00'),
(1281, 6, 4, 3, '4', 'Mei', '2018', '2018-05-01 00:00:00'),
(1282, 5, 4, 3, '14', 'Mei', '2018', '2018-05-01 00:00:00'),
(1283, 9, 4, 3, '8', 'Mei', '2018', '2018-05-01 00:00:00'),
(1284, 10, 4, 3, '9', 'Mei', '2018', '2018-05-01 00:00:00'),
(1285, 2, 4, 3, '10', 'Mei', '2018', '2018-05-01 00:00:00'),
(1286, 7, 4, 3, '8', 'Mei', '2018', '2018-05-01 00:00:00'),
(1287, 8, 4, 3, '13', 'Mei', '2018', '2018-05-01 00:00:00'),
(1323, 6, 1, 3, '24', 'Juni', '2018', '2018-06-01 00:00:00'),
(1324, 5, 1, 3, '11', 'Juli', '2018', '2018-07-01 00:00:00'),
(1325, 9, 1, 3, '19', 'Juni', '2018', '2018-06-01 00:00:00'),
(1326, 10, 1, 3, '18', 'Juni', '2018', '2018-06-01 00:00:00'),
(1327, 2, 1, 3, '10', 'Juni', '2018', '2018-06-01 00:00:00'),
(1328, 7, 1, 3, '13', 'Juli', '2018', '2018-07-01 00:00:00'),
(1329, 8, 1, 3, '12', 'Juni', '2018', '2018-06-01 00:00:00'),
(1330, 6, 2, 3, '13', 'Juni', '2018', '2018-06-01 00:00:00'),
(1331, 5, 2, 3, '11', 'Mei', '2018', '2018-05-01 00:00:00'),
(1332, 9, 2, 3, '18', 'Juni', '2018', '2018-06-01 00:00:00'),
(1333, 10, 2, 3, '15', 'Juni', '2018', '2018-06-01 00:00:00'),
(1334, 2, 2, 3, '10', 'Juni', '2018', '2018-06-01 00:00:00'),
(1335, 7, 2, 3, '21', 'Mei', '2018', '2018-05-01 00:00:00'),
(1336, 8, 2, 3, '12', 'Juni', '2018', '2018-06-01 00:00:00'),
(1337, 6, 5, 3, '3', 'Juni', '2018', '2018-06-01 00:00:00'),
(1338, 5, 5, 3, '18', 'Juni', '2018', '2018-06-01 00:00:00'),
(1339, 9, 5, 3, '4', 'Juni', '2018', '2018-06-01 00:00:00'),
(1340, 10, 5, 3, '11', 'Juni', '2018', '2018-06-01 00:00:00'),
(1341, 2, 5, 3, '6', 'Juni', '2018', '2018-06-01 00:00:00'),
(1342, 7, 5, 3, '10', 'Juni', '2018', '2018-06-01 00:00:00'),
(1343, 8, 5, 3, '20', 'Juni', '2018', '2018-06-01 00:00:00'),
(1344, 6, 3, 3, '12', 'Juni', '2018', '2018-06-01 00:00:00'),
(1345, 5, 3, 3, '15', 'Juni', '2018', '2018-06-01 00:00:00'),
(1346, 9, 3, 3, '7', 'Juni', '2018', '2018-06-01 00:00:00'),
(1347, 10, 3, 3, '6', 'Juni', '2018', '2018-06-01 00:00:00'),
(1348, 2, 3, 3, '15', 'Juni', '2018', '2018-06-01 00:00:00'),
(1349, 7, 3, 3, '6', 'Juni', '2018', '2018-06-01 00:00:00'),
(1350, 8, 3, 3, '24', 'Juni', '2018', '2018-06-01 00:00:00'),
(1351, 6, 4, 3, '3', 'Juni', '2018', '2018-06-01 00:00:00'),
(1352, 5, 4, 3, '13', 'Juni', '2018', '2018-06-01 00:00:00'),
(1353, 9, 4, 3, '9', 'Juni', '2018', '2018-06-01 00:00:00'),
(1354, 10, 4, 3, '9', 'Juni', '2018', '2018-06-01 00:00:00'),
(1355, 2, 4, 3, '12', 'Juni', '2018', '2018-06-01 00:00:00'),
(1356, 7, 4, 3, '10', 'Juni', '2018', '2018-06-01 00:00:00'),
(1357, 8, 4, 3, '12', 'Juni', '2018', '2018-06-01 00:00:00'),
(1398, 6, 1, 3, '18', 'Juli', '2018', '2018-07-01 00:00:00'),
(1399, 5, 1, 3, '10', 'Agustus', '2018', '2018-08-01 00:00:00'),
(1400, 9, 1, 3, '19', 'Juli', '2018', '2018-07-01 00:00:00'),
(1401, 10, 1, 3, '20', 'Juli', '2018', '2018-07-01 00:00:00'),
(1402, 2, 1, 3, '8', 'Juli', '2018', '2018-07-01 00:00:00'),
(1403, 7, 1, 3, '15', 'Agustus', '2018', '2018-08-01 00:00:00'),
(1404, 8, 1, 3, '11', 'Juli', '2018', '2018-07-01 00:00:00'),
(1405, 6, 2, 3, '18', 'Juli', '2018', '2018-07-01 00:00:00'),
(1406, 5, 2, 3, '14', 'Juni', '2018', '2018-06-01 00:00:00'),
(1407, 9, 2, 3, '17', 'Juli', '2018', '2018-07-01 00:00:00'),
(1408, 10, 2, 3, '14', 'Juli', '2018', '2018-07-01 00:00:00'),
(1409, 2, 2, 3, '8', 'Juli', '2018', '2018-07-01 00:00:00'),
(1410, 7, 2, 3, '20', 'Juni', '2018', '2018-06-01 00:00:00'),
(1411, 8, 2, 3, '13', 'Juli', '2018', '2018-07-01 00:00:00'),
(1412, 6, 5, 3, '4', 'Juli', '2018', '2018-07-01 00:00:00'),
(1413, 5, 5, 3, '20', 'Juli', '2018', '2018-07-01 00:00:00'),
(1414, 9, 5, 3, '3', 'Juli', '2018', '2018-07-01 00:00:00'),
(1415, 10, 5, 3, '11', 'Juli', '2018', '2018-07-01 00:00:00'),
(1416, 2, 5, 3, '10', 'Juli', '2018', '2018-07-01 00:00:00'),
(1417, 7, 5, 3, '8', 'Juli', '2018', '2018-07-01 00:00:00'),
(1418, 8, 5, 3, '17', 'Juli', '2018', '2018-07-01 00:00:00'),
(1419, 6, 3, 3, '11', 'Juli', '2018', '2018-07-01 00:00:00'),
(1420, 5, 3, 3, '15', 'Juli', '2018', '2018-07-01 00:00:00'),
(1421, 9, 3, 3, '7', 'Juli', '2018', '2018-07-01 00:00:00'),
(1422, 10, 3, 3, '6', 'Juli', '2018', '2018-07-01 00:00:00'),
(1423, 2, 3, 3, '14', 'Juli', '2018', '2018-07-01 00:00:00'),
(1424, 7, 3, 3, '6', 'Juli', '2018', '2018-07-01 00:00:00'),
(1425, 8, 3, 3, '18', 'Juli', '2018', '2018-07-01 00:00:00'),
(1426, 6, 4, 3, '3', 'Juli', '2018', '2018-07-01 00:00:00'),
(1427, 5, 4, 3, '12', 'Juli', '2018', '2018-07-01 00:00:00'),
(1428, 9, 4, 3, '8', 'Juli', '2018', '2018-07-01 00:00:00'),
(1429, 10, 4, 3, '10', 'Juli', '2018', '2018-07-01 00:00:00'),
(1430, 2, 4, 3, '10', 'Juli', '2018', '2018-07-01 00:00:00'),
(1431, 7, 4, 3, '8', 'Juli', '2018', '2018-07-01 00:00:00'),
(1432, 8, 4, 3, '12', 'Juli', '2018', '2018-07-01 00:00:00'),
(1463, 6, 1, 3, '14', 'Agustus', '2018', '2018-08-01 00:00:00'),
(1464, 5, 1, 3, '13', 'September', '2018', '2018-09-01 00:00:00'),
(1465, 9, 1, 3, '20', 'Agustus', '2018', '2018-08-01 00:00:00'),
(1466, 10, 1, 3, '18', 'Agutus', '2018', '2018-08-01 00:00:00'),
(1467, 2, 1, 3, '9', 'Agustus', '2018', '2018-08-01 00:00:00'),
(1468, 7, 1, 3, '19', 'September', '2018', '2018-09-01 00:00:00'),
(1469, 8, 1, 3, '10', 'Agustus', '2018', '2018-08-01 00:00:00'),
(1470, 6, 2, 3, '20', 'Agustus', '2018', '2018-08-01 00:00:00'),
(1471, 5, 2, 3, '13', 'Juli', '2018', '2018-07-01 00:00:00'),
(1472, 9, 2, 3, '20', 'Agustus', '2018', '2018-08-01 00:00:00'),
(1473, 10, 2, 3, '24', 'Agustus', '2018', '2018-08-01 00:00:00'),
(1474, 2, 2, 3, '9', 'Agustus', '2018', '2018-08-01 00:00:00'),
(1475, 7, 2, 3, '15', 'Juli', '2018', '2018-07-01 00:00:00'),
(1476, 8, 2, 3, '14', 'Agustus', '2018', '2018-08-01 00:00:00'),
(1477, 6, 5, 3, '6', 'Agustus', '2018', '2018-08-01 00:00:00'),
(1478, 5, 5, 3, '18', 'Agustus', '2018', '2018-08-01 00:00:00'),
(1479, 9, 5, 3, '4', 'Agustus', '2018', '2018-08-01 00:00:00'),
(1480, 10, 5, 3, '10', 'Agustus', '2018', '2018-08-01 00:00:00'),
(1481, 2, 5, 3, '10', 'Agustus', '2018', '2018-08-01 00:00:00'),
(1482, 7, 5, 3, '7', 'Agustus', '2018', '2018-08-01 00:00:00'),
(1483, 8, 5, 3, '20', 'Agustus', '2018', '2018-08-01 00:00:00'),
(1484, 6, 3, 3, '10', 'Agustus', '2018', '2018-08-01 00:00:00'),
(1485, 5, 3, 3, '10', 'Agustus', '2018', '2018-08-01 00:00:00'),
(1486, 9, 3, 3, '9', 'Agustus', '2018', '2018-08-01 00:00:00'),
(1487, 10, 3, 3, '6', 'Agustus', '2018', '2018-08-01 00:00:00'),
(1488, 2, 3, 3, '19', 'Agustus', '2018', '2018-08-01 00:00:00'),
(1489, 7, 3, 3, '8', 'Agustus', '2018', '2018-08-01 00:00:00'),
(1490, 8, 3, 3, '14', 'Agustus', '2018', '2018-08-01 00:00:00'),
(1491, 6, 4, 3, '3', 'Agustus', '2018', '2018-08-01 00:00:00'),
(1492, 5, 4, 3, '15', 'Agustus', '2018', '2018-08-01 00:00:00'),
(1493, 9, 4, 3, '10', 'Agustus', '2018', '2018-08-01 00:00:00'),
(1494, 10, 4, 3, '8', 'Agustus', '2018', '2018-08-01 00:00:00'),
(1495, 2, 4, 3, '8', 'Agustus', '2018', '2018-08-01 00:00:00'),
(1496, 7, 4, 3, '7', 'Agutus', '2018', '2018-08-01 00:00:00'),
(1497, 8, 4, 3, '14', 'Agustus', '2018', '2018-08-01 00:00:00'),
(1528, 6, 1, 3, '10', 'September', '2018', '2018-09-01 00:00:00'),
(1529, 5, 1, 3, '10', 'Oktober', '2018', '2018-10-01 00:00:00'),
(1530, 9, 1, 3, '22', 'September', '2018', '2018-09-01 00:00:00'),
(1531, 10, 1, 3, '20', 'September', '2018', '2018-09-01 00:00:00'),
(1532, 2, 1, 3, '9', 'September', '2018', '2018-09-01 00:00:00'),
(1533, 7, 1, 3, '20', 'Oktober', '2018', '2018-10-01 00:00:00'),
(1534, 8, 1, 3, '12', 'September', '2018', '2018-09-01 00:00:00'),
(1535, 6, 2, 3, '21', 'September', '2018', '2018-09-01 00:00:00'),
(1536, 5, 2, 3, '14', 'Agustus', '2018', '2018-08-01 00:00:00'),
(1537, 9, 2, 3, '22', 'September', '2018', '2018-09-01 00:00:00'),
(1538, 10, 2, 3, '21', 'September', '2018', '2018-09-01 00:00:00'),
(1539, 2, 2, 3, '9', 'September', '2018', '2018-09-01 00:00:00'),
(1540, 7, 2, 3, '20', 'Agustus', '2018', '2018-08-01 00:00:00'),
(1541, 8, 2, 3, '7', 'September', '2018', '2018-09-01 00:00:00'),
(1542, 6, 5, 3, '6', 'September', '2018', '2018-09-01 00:00:00'),
(1543, 5, 5, 3, '19', 'September', '2018', '2018-09-01 00:00:00'),
(1544, 9, 5, 3, '4', 'September', '2018', '2018-09-01 00:00:00'),
(1545, 10, 5, 3, '11', 'September', '2018', '2018-09-01 00:00:00'),
(1546, 2, 5, 3, '8', 'September', '2018', '2018-09-01 00:00:00'),
(1547, 7, 5, 3, '9', 'September', '2018', '2018-09-01 00:00:00'),
(1548, 8, 5, 3, '20', 'September', '2018', '2018-09-01 00:00:00'),
(1549, 6, 3, 3, '12', 'September', '2018', '2018-09-01 00:00:00'),
(1550, 5, 3, 3, '12', 'September', '2018', '2018-09-01 00:00:00'),
(1551, 9, 3, 3, '8', 'September', '2018', '2018-09-01 00:00:00'),
(1552, 10, 3, 3, '7', 'September', '2018', '2018-09-01 00:00:00'),
(1553, 2, 3, 3, '20', 'September', '2018', '2018-09-01 00:00:00'),
(1554, 7, 3, 3, '9', 'September', '2018', '2018-09-01 00:00:00'),
(1555, 8, 3, 3, '10', 'September', '2018', '2018-09-01 00:00:00'),
(1556, 6, 4, 3, '4', 'September', '2018', '2018-09-01 00:00:00'),
(1557, 5, 4, 3, '13', 'September', '2018', '2018-09-01 00:00:00'),
(1558, 9, 4, 3, '9', 'September', '2018', '2018-09-01 00:00:00'),
(1559, 10, 4, 3, '6', 'September', '2018', '2018-09-01 00:00:00'),
(1560, 2, 4, 3, '8', 'September', '2018', '2018-09-01 00:00:00'),
(1561, 7, 4, 3, '9', 'September', '2018', '2018-09-01 00:00:00'),
(1562, 8, 4, 3, '13', 'September', '2018', '2018-09-01 00:00:00'),
(1603, 6, 1, 3, '20', 'Oktober', '2018', '2018-10-01 00:00:00'),
(1604, 5, 1, 3, '7', 'November', '2018', '2018-11-01 00:00:00'),
(1605, 9, 1, 3, '21', 'Oktober', '2018', '2018-10-01 00:00:00'),
(1606, 10, 1, 3, '18', 'Oktober', '2018', '2018-10-01 00:00:00'),
(1607, 2, 1, 3, '7', 'Oktober', '2018', '2018-10-01 00:00:00'),
(1608, 7, 1, 3, '24', 'November', '2018', '2018-11-01 00:00:00'),
(1609, 8, 1, 3, '7', 'Oktober', '2018', '2018-10-01 00:00:00'),
(1610, 6, 2, 3, '20', 'Oktober', '2018', '2018-10-01 00:00:00'),
(1611, 5, 2, 3, '10', 'September', '2018', '2018-09-01 00:00:00'),
(1612, 9, 2, 3, '21', 'Oktober', '2018', '2018-10-01 00:00:00'),
(1613, 10, 2, 3, '16', 'Oktober', '2018', '2018-10-01 00:00:00'),
(1614, 2, 2, 3, '10', 'Oktober', '2018', '2018-10-01 00:00:00'),
(1615, 7, 2, 3, '22', 'September', '2018', '2018-09-01 00:00:00'),
(1616, 8, 2, 3, '8', 'Oktober', '2018', '2018-10-01 00:00:00'),
(1617, 6, 5, 3, '7', 'Oktober', '2018', '2018-10-01 00:00:00'),
(1618, 5, 5, 3, '18', 'Oktober', '2018', '2018-10-01 00:00:00'),
(1619, 9, 5, 3, '6', 'Oktober', '2018', '2018-10-01 00:00:00'),
(1620, 10, 5, 3, '10', 'Oktober', '2018', '2018-10-01 00:00:00'),
(1621, 2, 5, 3, '5', 'Oktober', '2018', '2018-10-01 00:00:00'),
(1622, 7, 5, 3, '7', 'Oktober', '2018', '2018-10-01 00:00:00'),
(1623, 8, 5, 3, '17', 'Oktober', '2018', '2018-10-01 00:00:00'),
(1624, 6, 3, 3, '7', 'Oktober', '2018', '2018-10-01 00:00:00'),
(1625, 5, 3, 3, '15', 'Oktober', '2018', '2018-10-01 00:00:00'),
(1626, 9, 3, 3, '6', 'Oktober', '2018', '2018-10-01 00:00:00'),
(1627, 10, 3, 3, '9', 'Oktober', '2018', '2018-10-01 00:00:00'),
(1628, 2, 3, 3, '15', 'Oktober', '2018', '2018-10-01 00:00:00'),
(1629, 7, 3, 3, '7', 'Oktober', '2018', '2018-10-01 00:00:00'),
(1630, 8, 3, 3, '20', 'Oktober', '2018', '2018-10-01 00:00:00'),
(1631, 6, 4, 3, '5', 'Oktober', '2018', '2018-10-01 00:00:00'),
(1632, 5, 4, 3, '12', 'Oktober', '2018', '2018-10-01 00:00:00'),
(1633, 9, 4, 3, '7', 'Oktober', '2018', '2018-10-01 00:00:00'),
(1634, 10, 4, 3, '9', 'Oktober', '2018', '2018-10-01 00:00:00'),
(1635, 2, 4, 3, '9', 'Oktober', '2018', '2018-10-01 00:00:00'),
(1636, 7, 4, 3, '7', 'Oktober', '2018', '2018-10-01 00:00:00'),
(1637, 8, 4, 3, '10', 'Oktober', '2018', '2018-10-01 00:00:00'),
(1668, 6, 1, 3, '21', 'November', '2018', '2018-11-01 00:00:00'),
(1669, 5, 1, 3, '5', 'Desember', '2018', '2018-12-01 00:00:00'),
(1670, 9, 1, 3, '17', 'November', '2018', '2018-11-01 00:00:00'),
(1671, 10, 1, 3, '18', 'November', '2018', '2018-11-01 00:00:00'),
(1672, 2, 1, 3, '7', 'November', '2018', '2018-11-01 00:00:00'),
(1673, 7, 1, 3, '25', 'Desember', '2018', '2018-12-01 00:00:00'),
(1674, 8, 1, 3, '6', 'November', '2018', '2018-11-01 00:00:00'),
(1675, 6, 2, 3, '18', 'November', '2018', '2018-11-01 00:00:00'),
(1676, 5, 2, 3, '9', 'Oktober', '2018', '2018-10-01 00:00:00'),
(1677, 9, 2, 3, '18', 'November', '2018', '2018-11-01 00:00:00'),
(1678, 10, 2, 3, '16', 'November', '2018', '2018-11-01 00:00:00'),
(1679, 2, 2, 3, '12', 'November', '2018', '2018-11-01 00:00:00'),
(1680, 7, 2, 3, '20', 'Oktober', '2018', '2018-10-01 00:00:00'),
(1681, 8, 2, 3, '6', 'November', '2018', '2018-11-01 00:00:00'),
(1682, 6, 5, 3, '5', 'November', '2018', '2018-11-01 00:00:00'),
(1683, 5, 5, 3, '18', 'November', '2018', '2018-11-01 00:00:00'),
(1684, 9, 5, 3, '6', 'November', '2018', '2018-11-01 00:00:00'),
(1685, 10, 5, 3, '7', 'November', '2018', '2018-11-01 00:00:00'),
(1686, 2, 5, 3, '8', 'November', '2018', '2018-11-01 00:00:00'),
(1687, 7, 5, 3, '8', 'November', '2018', '2018-11-01 00:00:00'),
(1688, 8, 5, 3, '18', 'November', '2018', '2018-11-01 00:00:00'),
(1689, 6, 3, 3, '6', 'November', '2018', '2018-11-01 00:00:00'),
(1690, 5, 3, 3, '20', 'November', '2018', '2018-11-01 00:00:00'),
(1691, 9, 3, 3, '8', 'November', '2018', '2018-11-01 00:00:00'),
(1692, 10, 3, 3, '8', 'November', '2018', '2018-11-01 00:00:00'),
(1693, 2, 3, 3, '12', 'November', '2018', '2018-11-01 00:00:00'),
(1694, 7, 3, 3, '6', 'November', '2018', '2018-11-01 00:00:00'),
(1695, 8, 3, 3, '21', 'November', '2018', '2018-11-01 00:00:00'),
(1696, 6, 4, 3, '5', 'November', '2018', '2018-11-01 00:00:00'),
(1697, 5, 4, 3, '12', 'November', '2018', '2018-11-01 00:00:00'),
(1698, 9, 4, 3, '8', 'November', '2018', '2018-11-01 00:00:00'),
(1699, 10, 4, 3, '10', 'November', '2018', '2018-11-01 00:00:00'),
(1700, 2, 4, 3, '7', 'November', '2018', '2018-11-01 00:00:00'),
(1701, 7, 4, 3, '8', 'November', '2018', '2018-11-01 00:00:00'),
(1702, 8, 4, 3, '13', 'November', '2018', '2018-11-01 00:00:00'),
(1743, 6, 1, 3, '18', 'Desember', '2018', '2018-12-01 00:00:00'),
(1744, 5, 1, 3, '6', 'Januari', '2019', '2019-01-01 00:00:00'),
(1745, 9, 1, 3, '16', 'Desember', '2018', '2018-12-01 00:00:00'),
(1746, 10, 1, 3, '20', 'Desember', '2018', '2018-12-01 00:00:00'),
(1747, 2, 1, 3, '7', 'Desember', '2018', '2018-12-01 00:00:00'),
(1748, 7, 1, 3, '23', 'Januari', '2019', '2019-01-01 00:00:00'),
(1749, 8, 1, 3, '7', 'Desember', '2018', '2018-12-01 00:00:00'),
(1750, 6, 2, 3, '19', 'Desember', '2018', '2018-12-01 00:00:00'),
(1751, 5, 2, 3, '9', 'November', '2018', '2018-11-01 00:00:00');
INSERT INTO `laporan` (`id_laporan`, `id_kios`, `id_pupuk`, `id_jenis`, `qty`, `bulan`, `tahun`, `tanggal`) VALUES
(1752, 9, 2, 3, '16', 'Desember', '2018', '2018-12-01 00:00:00'),
(1753, 10, 2, 3, '20', 'Desember', '2018', '2018-12-01 00:00:00'),
(1754, 2, 2, 3, '11', 'Desember', '2018', '2018-12-01 00:00:00'),
(1755, 7, 2, 3, '19', 'November', '2018', '2018-11-01 00:00:00'),
(1756, 8, 2, 3, '7', 'Desember', '2018', '2018-12-01 00:00:00'),
(1757, 6, 5, 3, '6', 'Desember', '2018', '2018-12-01 00:00:00'),
(1758, 5, 5, 3, '18', 'Desember', '2018', '2018-12-01 00:00:00'),
(1759, 9, 5, 3, '6', 'Desember', '2018', '2018-12-01 00:00:00'),
(1760, 10, 5, 3, '6', 'Desember', '2018', '2018-12-01 00:00:00'),
(1761, 2, 5, 3, '8', 'Desember', '2018', '2018-12-01 00:00:00'),
(1762, 7, 5, 3, '6', 'Desember', '2018', '2018-12-01 00:00:00'),
(1763, 8, 5, 3, '16', 'Desember', '2018', '2018-12-01 00:00:00'),
(1764, 6, 3, 3, '7', 'Desember', '2018', '2018-12-01 00:00:00'),
(1765, 5, 3, 3, '24', 'Desember', '2018', '2018-12-01 00:00:00'),
(1766, 9, 3, 3, '7', 'Desember', '2018', '2018-12-01 00:00:00'),
(1767, 10, 3, 3, '5', 'Desember', '2018', '2018-12-01 00:00:00'),
(1768, 2, 3, 3, '15', 'Desember', '2018', '2018-12-01 00:00:00'),
(1769, 7, 3, 3, '7', 'Desember', '2018', '2018-12-01 00:00:00'),
(1770, 8, 3, 3, '18', 'Desember', '2018', '2018-12-01 00:00:00'),
(1771, 6, 4, 3, '4', 'Desember', '2018', '2018-12-01 00:00:00'),
(1772, 5, 4, 3, '15', 'Desember', '2018', '2018-12-01 00:00:00'),
(1773, 9, 4, 3, '8', 'Desember', '2018', '2018-12-01 00:00:00'),
(1774, 10, 4, 3, '7', 'Desember', '2018', '2018-12-01 00:00:00'),
(1775, 2, 4, 3, '6', 'Desember', '2018', '2018-12-01 00:00:00'),
(1776, 7, 4, 3, '6', 'Desember', '2018', '2018-12-01 00:00:00'),
(1777, 8, 4, 3, '15', 'Desember', '2018', '2018-12-01 00:00:00'),
(1813, 6, 1, 3, '17', 'Januari', '2019', '2019-01-01 00:00:00'),
(1814, 5, 1, 3, '14', 'Desember', '2019', '2019-12-01 00:00:00'),
(1815, 9, 1, 3, '17', 'Januari', '2019', '2019-01-01 00:00:00'),
(1816, 10, 1, 3, '16', 'Januari', '2019', '2019-01-01 00:00:00'),
(1817, 2, 1, 3, '8', 'Januari', '2019', '2019-01-01 00:00:00'),
(1819, 8, 1, 3, '7', 'Januari', '2019', '2019-01-01 00:00:00'),
(1820, 6, 2, 3, '15', 'Januari', '2019', '2019-01-01 00:00:00'),
(1821, 5, 2, 3, '10', 'Desember', '2018', '0000-00-00 00:00:00'),
(1822, 9, 2, 3, '15', 'Januari', '2019', '2019-01-01 00:00:00'),
(1823, 10, 2, 3, '21', 'Januari', '2019', '2019-01-01 00:00:00'),
(1824, 2, 2, 3, '6', 'Januari', '2019', '2019-01-01 00:00:00'),
(1825, 7, 2, 3, '16', 'Desember', '2018', '2018-12-01 00:00:00'),
(1826, 8, 2, 3, '6', 'Januari', '2019', '2019-01-01 00:00:00'),
(1827, 6, 5, 3, '4', 'Januari', '2019', '2019-01-01 00:00:00'),
(1828, 5, 5, 3, '14', 'Januari', '2019', '2019-01-01 00:00:00'),
(1829, 9, 5, 3, '7', 'Januari', '2019', '2019-01-01 00:00:00'),
(1830, 10, 5, 3, '6', 'Januari', '2019', '2019-01-01 00:00:00'),
(1831, 2, 5, 3, '7', 'Januari', '2019', '2019-01-01 00:00:00'),
(1832, 7, 5, 3, '7', 'Januari', '2019', '2019-01-01 00:00:00'),
(1833, 8, 5, 3, '16', 'Januari', '2019', '2019-01-01 00:00:00'),
(1834, 6, 3, 3, '7', 'Januari', '2019', '2019-01-01 00:00:00'),
(1835, 5, 3, 3, '20', 'Januari', '2019', '2019-01-01 00:00:00'),
(1836, 9, 3, 3, '8', 'Januari', '2019', '2019-01-01 00:00:00'),
(1837, 10, 3, 3, '7', 'Januari', '2019', '2019-01-01 00:00:00'),
(1838, 2, 3, 3, '20', 'Januari', '2019', '2019-01-01 00:00:00'),
(1839, 7, 3, 3, '6', 'Januari', '2019', '2019-01-01 00:00:00'),
(1840, 8, 3, 3, '17', 'Januari', '2019', '2019-01-01 00:00:00'),
(1841, 6, 4, 3, '6', 'Januari', '2019', '2019-01-01 00:00:00'),
(1842, 5, 4, 3, '10', 'Januari', '2019', '2019-01-01 00:00:00'),
(1843, 9, 4, 3, '6', 'Januari', '2019', '2019-01-01 00:00:00'),
(1844, 10, 4, 3, '7', 'Januari', '2019', '2019-01-01 00:00:00'),
(1845, 2, 4, 3, '6', 'Januari', '2019', '2019-01-01 00:00:00'),
(1846, 7, 4, 3, '7', 'Januari', '2019', '2019-01-01 00:00:00'),
(1847, 8, 4, 3, '10', 'Januari', '2019', '2019-01-01 00:00:00'),
(1878, 6, 1, 3, '18', 'Februari', '2019', '2019-02-01 00:00:00'),
(1879, 5, 1, 3, '5', 'Februari', '2019', '2019-02-01 00:00:00'),
(1880, 9, 1, 3, '15', 'Februari', '2019', '2019-02-01 00:00:00'),
(1881, 10, 1, 3, '15', 'Februari', '2019', '2019-02-01 00:00:00'),
(1882, 2, 1, 3, '6', 'Februari', '2019', '2019-02-01 00:00:00'),
(1883, 7, 1, 3, '22', 'Februari', '2019', '2019-02-01 00:00:00'),
(1884, 8, 1, 3, '5', 'Februari', '2019', '2019-02-01 00:00:00'),
(1885, 6, 2, 3, '12', 'Februari', '2019', '2019-02-01 00:00:00'),
(1886, 5, 2, 3, '8', 'Januari', '2019', '2019-01-01 00:00:00'),
(1887, 9, 2, 3, '20', 'Februari', '2019', '2019-02-01 00:00:00'),
(1888, 10, 2, 3, '24', 'Februari', '2019', '2019-02-01 00:00:00'),
(1889, 2, 2, 3, '7', 'Februari', '2019', '2019-02-01 00:00:00'),
(1890, 7, 2, 3, '17', 'Januari', '2019', '2019-02-01 00:00:00'),
(1891, 8, 2, 3, '4', 'Februari', '2019', '2019-02-01 00:00:00'),
(1892, 6, 5, 3, '4', 'Februari', '2019', '2019-02-01 00:00:00'),
(1893, 5, 5, 3, '15', 'Februari', '2019', '2019-02-01 00:00:00'),
(1894, 9, 5, 3, '5', 'Februari', '2019', '2019-02-01 00:00:00'),
(1895, 10, 5, 3, '6', 'Februari', '2019', '2019-02-01 00:00:00'),
(1896, 2, 5, 3, '9', 'Februari', '2019', '2019-02-01 00:00:00'),
(1897, 7, 5, 3, '8', 'Februari', '2019', '2019-02-01 00:00:00'),
(1898, 8, 5, 3, '15', 'Februari', '2019', '2019-02-01 00:00:00'),
(1899, 6, 3, 3, '5', 'Februari', '2019', '2019-02-01 00:00:00'),
(1900, 5, 3, 3, '15', 'Februari', '2019', '2019-02-01 00:00:00'),
(1901, 9, 3, 3, '6', 'Februari', '2019', '2019-02-01 00:00:00'),
(1902, 10, 3, 3, '8', 'Februari', '2019', '2019-02-01 00:00:00'),
(1903, 2, 3, 3, '19', 'Februari', '2019', '2019-02-01 00:00:00'),
(1904, 7, 3, 3, '7', 'Februari', '2019', '2019-02-01 00:00:00'),
(1905, 8, 3, 3, '18', 'Februari', '2019', '2019-02-01 00:00:00'),
(1906, 6, 4, 3, '6', 'Februari', '2019', '2019-02-01 00:00:00'),
(1907, 5, 4, 3, '12', 'Februari', '2019', '2019-02-01 00:00:00'),
(1908, 9, 4, 3, '8', 'Februari', '2019', '2019-02-01 00:00:00'),
(1909, 10, 4, 3, '8', 'Februari', '2019', '2019-02-01 00:00:00'),
(1910, 2, 4, 3, '5', 'Februari', '2019', '2019-02-01 00:00:00'),
(1911, 7, 4, 3, '8', 'Februari', '2019', '2019-02-01 00:00:00'),
(1912, 8, 4, 3, '9', 'Februari', '2019', '2019-02-01 00:00:00'),
(1953, 6, 1, 3, '21', 'Maret', '2019', '2019-03-01 00:00:00'),
(1954, 5, 1, 3, '5', 'Maret', '2019', '2019-03-01 00:00:00'),
(1955, 9, 1, 3, '15', 'Maret', '2019', '2019-03-01 00:00:00'),
(1956, 10, 1, 3, '14', 'Maret', '2019', '2019-03-01 00:00:00'),
(1957, 2, 1, 3, '7', 'Maret', '2019', '2019-03-01 00:00:00'),
(1958, 7, 1, 3, '19', 'Maret', '2019', '2019-03-01 00:00:00'),
(1959, 8, 1, 3, '4', 'Maret', '2019', '2019-03-01 00:00:00'),
(1960, 6, 2, 3, '11', 'Maret', '2019', '2019-03-01 00:00:00'),
(1961, 5, 2, 3, '9', 'Maret', '2019', '2019-03-01 00:00:00'),
(1962, 9, 2, 3, '21', 'Maret', '2019', '2019-03-01 00:00:00'),
(1963, 10, 2, 3, '19', 'Maret', '2019', '2019-03-01 00:00:00'),
(1964, 2, 2, 3, '6', 'Maret', '2019', '2019-03-01 00:00:00'),
(1965, 7, 2, 3, '18', 'Februari', '2019', '2019-02-01 00:00:00'),
(1966, 8, 2, 3, '4', 'Maret', '2019', '2019-03-01 00:00:00'),
(1967, 6, 5, 3, '5', 'Maret', '2019', '2019-03-01 00:00:00'),
(1968, 5, 5, 3, '14', 'Maret', '2019', '2019-03-01 00:00:00'),
(1969, 9, 5, 3, '4', 'Maret', '2019', '2019-03-01 00:00:00'),
(1970, 10, 5, 3, '5', 'Maret', '2019', '2019-03-01 00:00:00'),
(1971, 2, 5, 3, '10', 'Maret', '2019', '2019-03-01 00:00:00'),
(1972, 7, 5, 3, '6', 'Maret', '2019', '2019-03-01 00:00:00'),
(1973, 8, 5, 3, '14', 'Maret', '2019', '2019-03-01 00:00:00'),
(1974, 6, 3, 3, '4', 'Maret', '2019', '2019-03-01 00:00:00'),
(1975, 5, 3, 3, '11', 'Maret', '2019', '2019-03-01 00:00:00'),
(1976, 9, 3, 3, '8', 'Maret', '2019', '2019-03-01 00:00:00'),
(1977, 10, 3, 3, '6', 'Maret', '2019', '2019-03-01 00:00:00'),
(1978, 2, 3, 3, '14', 'Maret', '2019', '2019-03-01 00:00:00'),
(1979, 7, 3, 3, '8', 'Maret', '2019', '2019-03-01 00:00:00'),
(1980, 8, 3, 3, '21', 'Maret', '2019', '2019-03-01 00:00:00'),
(1981, 6, 4, 3, '8', 'Maret', '2019', '2019-03-01 00:00:00'),
(1982, 5, 4, 3, '9', 'Maret', '2019', '2019-03-01 00:00:00'),
(1983, 9, 4, 3, '7', 'Maret', '2019', '2019-03-01 00:00:00'),
(1984, 10, 4, 3, '9', 'Maret', '2019', '2019-03-01 00:00:00'),
(1985, 2, 4, 3, '6', 'Maret', '2019', '2019-03-01 00:00:00'),
(1986, 7, 4, 3, '6', 'Maret', '2019', '2019-03-01 00:00:00'),
(1987, 8, 4, 3, '10', 'Maret', '2019', '2019-03-01 00:00:00'),
(2018, 6, 1, 3, '20', 'April', '2019', '2019-04-01 00:00:00'),
(2019, 5, 1, 3, '7', 'April', '2019', '2019-04-01 00:00:00'),
(2020, 9, 1, 3, '11', 'April', '2019', '2019-04-01 00:00:00'),
(2021, 10, 1, 3, '16', 'April', '2019', '2019-04-01 00:00:00'),
(2022, 2, 1, 3, '7', 'April', '2019', '2019-04-01 00:00:00'),
(2023, 7, 1, 3, '18', 'April', '2019', '2019-04-01 00:00:00'),
(2024, 8, 1, 3, '5', 'April', '2019', '2019-04-01 00:00:00'),
(2025, 6, 2, 3, '13', 'April', '2019', '2019-04-01 00:00:00'),
(2026, 5, 2, 3, '10', 'April', '2019', '2019-04-01 00:00:00'),
(2027, 9, 2, 3, '20', 'April', '2019', '2019-04-01 00:00:00'),
(2028, 10, 2, 3, '18', 'April', '2019', '2019-04-01 00:00:00'),
(2029, 2, 2, 3, '7', 'April', '2019', '2019-04-01 00:00:00'),
(2030, 7, 2, 3, '15', 'Maret', '2019', '2019-03-01 00:00:00'),
(2031, 8, 2, 3, '6', 'April', '2019', '2019-04-01 00:00:00'),
(2032, 6, 5, 3, '5', 'April', '2019', '2019-04-01 00:00:00'),
(2033, 5, 5, 3, '16', 'April', '2019', '2019-04-01 00:00:00'),
(2034, 9, 5, 3, '4', 'April', '2019', '2019-04-01 00:00:00'),
(2035, 10, 5, 3, '3', 'April', '2019', '2019-04-01 00:00:00'),
(2036, 2, 5, 3, '11', 'April', '2019', '2019-04-01 00:00:00'),
(2037, 7, 5, 3, '7', 'April', '2019', '2019-04-01 00:00:00'),
(2038, 8, 5, 3, '18', 'April', '2019', '2019-04-01 00:00:00'),
(2039, 6, 3, 3, '5', 'April', '2019', '2019-04-01 00:00:00'),
(2040, 5, 3, 3, '15', 'April', '2019', '2019-04-01 00:00:00'),
(2041, 9, 3, 3, '7', 'April', '2019', '2019-04-01 00:00:00'),
(2042, 10, 3, 3, '6', 'April', '2019', '2019-04-01 00:00:00'),
(2043, 2, 3, 3, '15', 'April', '2019', '2019-04-01 00:00:00'),
(2044, 7, 3, 3, '7', 'April', '2019', '2019-04-01 00:00:00'),
(2045, 8, 3, 3, '20', 'April', '2019', '2019-04-01 00:00:00'),
(2046, 6, 4, 3, '6', 'April', '2019', '2019-04-01 00:00:00'),
(2047, 5, 4, 3, '8', 'April', '2019', '2019-04-01 00:00:00'),
(2048, 9, 4, 3, '7', 'April', '2019', '2019-04-01 00:00:00'),
(2049, 10, 4, 3, '8', 'April', '2019', '2019-04-01 00:00:00'),
(2050, 2, 4, 3, '8', 'April', '2019', '2019-04-01 00:00:00'),
(2051, 7, 4, 3, '7', 'April', '2019', '2019-04-01 00:00:00'),
(2052, 8, 4, 3, '8', 'April', '2019', '2019-04-01 00:00:00'),
(2093, 6, 1, 3, '23', 'Mei', '2019', '2019-05-01 00:00:00'),
(2094, 5, 1, 3, '10', 'Mei', '2019', '2019-05-01 00:00:00'),
(2095, 9, 1, 3, '14', 'Mei', '2019', '2019-05-01 00:00:00'),
(2096, 10, 1, 3, '13', 'Mei', '2019', '2019-05-01 00:00:00'),
(2097, 2, 1, 3, '6', 'Mei', '2019', '2019-05-01 00:00:00'),
(2098, 7, 1, 3, '19', 'Mei', '2019', '2019-05-01 00:00:00'),
(2099, 8, 1, 3, '5', 'Mei', '2019', '2019-05-01 00:00:00'),
(2100, 6, 2, 3, '12', 'Mei', '2019', '2019-05-01 00:00:00'),
(2101, 5, 2, 3, '12', 'Mei', '2019', '2019-05-01 00:00:00'),
(2102, 9, 2, 3, '25', 'Mei', '2019', '2019-05-01 00:00:00'),
(2103, 10, 2, 3, '20', 'Mei', '2019', '2019-05-01 00:00:00'),
(2104, 2, 2, 3, '8', 'Mei', '2019', '2019-05-01 00:00:00'),
(2105, 7, 2, 3, '17', 'April', '2019', '2019-04-01 00:00:00'),
(2106, 8, 2, 3, '7', 'Mei', '2019', '2019-05-01 00:00:00'),
(2107, 6, 5, 3, '4', 'Mei', '2019', '2019-05-01 00:00:00'),
(2108, 5, 5, 3, '14', 'Mei', '2019', '2019-05-01 00:00:00'),
(2109, 9, 5, 3, '3', 'Mei', '2019', '2019-05-01 00:00:00'),
(2110, 10, 5, 3, '6', 'Mei', '2019', '2019-05-01 00:00:00'),
(2111, 2, 5, 3, '10', 'Mei', '2019', '2019-05-01 00:00:00'),
(2112, 7, 5, 3, '8', 'Mei', '2019', '2019-05-01 00:00:00'),
(2113, 8, 5, 3, '16', 'Mei', '2019', '2019-05-01 00:00:00'),
(2114, 6, 3, 3, '5', 'Mei', '2019', '2019-05-01 00:00:00'),
(2115, 5, 3, 3, '10', 'Mei', '2019', '2019-05-01 00:00:00'),
(2116, 9, 3, 3, '7', 'Mei', '2019', '2019-05-01 00:00:00'),
(2117, 10, 3, 3, '5', 'Mei', '2019', '2019-05-01 00:00:00'),
(2118, 2, 3, 3, '10', 'Mei', '2019', '2019-05-01 00:00:00'),
(2119, 7, 3, 3, '7', 'Mei', '2019', '2019-05-01 00:00:00'),
(2120, 8, 3, 3, '23', 'Mei', '2019', '2019-05-01 00:00:00'),
(2121, 6, 4, 3, '7', 'Mei', '2019', '2019-05-01 00:00:00'),
(2122, 5, 4, 3, '12', 'Mei', '2019', '2019-05-01 00:00:00'),
(2123, 9, 4, 3, '8', 'Mei', '2019', '2019-05-01 00:00:00'),
(2124, 10, 4, 3, '10', 'Mei', '2019', '2019-05-01 00:00:00'),
(2125, 2, 4, 3, '10', 'Mei', '2019', '2019-05-01 00:00:00'),
(2126, 7, 4, 3, '8', 'Mei', '2019', '2019-05-01 00:00:00'),
(2127, 8, 4, 3, '12', 'Mei', '2019', '2019-05-01 00:00:00'),
(2160, 6, 1, 3, '20', 'Juni', '2019', '2019-06-01 00:00:00'),
(2161, 5, 1, 3, '10', 'Juni', '2019', '2019-06-01 00:00:00'),
(2162, 9, 1, 3, '15', 'Juni', '2019', '2019-06-01 00:00:00'),
(2163, 10, 1, 3, '20', 'Juni', '2019', '2019-06-01 00:00:00'),
(2164, 2, 1, 3, '9', 'Juni', '2019', '2019-06-01 00:00:00'),
(2165, 7, 1, 3, '15', 'Juni', '2019', '2019-06-01 00:00:00'),
(2166, 8, 1, 3, '6', 'Juni', '2019', '2019-06-01 00:00:00'),
(2167, 6, 2, 3, '11', 'Juni', '2019', '2019-06-01 00:00:00'),
(2168, 5, 2, 3, '10', 'Juni', '2019', '2019-06-01 00:00:00'),
(2169, 9, 2, 3, '22', 'Juni', '2019', '2019-06-01 00:00:00'),
(2170, 10, 2, 3, '16', 'Juni', '2019', '2019-06-01 00:00:00'),
(2171, 2, 2, 3, '8', 'Juni', '2019', '2019-06-01 00:00:00'),
(2172, 7, 2, 3, '20', 'Mei', '2019', '2019-05-01 00:00:00'),
(2173, 8, 2, 3, '9', 'Juni', '2019', '2019-06-01 00:00:00'),
(2174, 6, 5, 3, '5', 'Juni', '2019', '2019-06-01 00:00:00'),
(2175, 5, 5, 3, '20', 'Juni', '2019', '2019-06-01 00:00:00'),
(2176, 9, 5, 3, '3', 'Juni', '2019', '2019-06-01 00:00:00'),
(2177, 10, 5, 3, '6', 'Juni', '2019', '2019-06-01 00:00:00'),
(2178, 2, 5, 3, '7', 'Juni', '2019', '2019-06-01 00:00:00'),
(2179, 7, 5, 3, '9', 'Juni', '2019', '2019-06-01 00:00:00'),
(2180, 8, 5, 3, '20', 'Juni', '2019', '2019-06-01 00:00:00'),
(2181, 6, 3, 3, '6', 'Juni', '2019', '2019-06-01 00:00:00'),
(2182, 5, 3, 3, '10', 'Juni', '2019', '2019-06-01 00:00:00'),
(2183, 9, 3, 3, '10', 'Juni', '2019', '2019-06-01 00:00:00'),
(2184, 10, 3, 3, '4', 'Juni', '2019', '2019-06-01 00:00:00'),
(2185, 2, 3, 3, '9', 'Juni', '2019', '2019-06-01 00:00:00'),
(2186, 7, 3, 3, '8', 'Juni', '2019', '2019-06-01 00:00:00'),
(2187, 8, 3, 3, '20', 'Juni', '2019', '2019-06-01 00:00:00'),
(2188, 6, 4, 3, '8', 'Juni', '2019', '2019-06-01 00:00:00'),
(2189, 5, 4, 3, '13', 'Juni', '2019', '2019-06-01 00:00:00'),
(2190, 9, 4, 3, '7', 'Juni', '2019', '2019-06-01 00:00:00'),
(2191, 10, 4, 3, '9', 'Juni', '2019', '2019-06-01 00:00:00'),
(2192, 2, 4, 3, '12', 'Juni', '2019', '2019-06-01 00:00:00'),
(2193, 7, 4, 3, '6', 'Juni', '2019', '2019-06-01 00:00:00'),
(2194, 8, 4, 3, '13', 'Juni', '2019', '2019-06-01 00:00:00'),
(2233, 6, 1, 3, '24', 'Juli', '2019', '2019-07-01 00:00:00'),
(2234, 5, 1, 3, '15', 'Juli', '2019', '2019-07-01 00:00:00'),
(2235, 9, 1, 3, '11', 'Juli', '2019', '2019-07-01 00:00:00'),
(2236, 10, 1, 3, '20', 'Juli', '2019', '2019-07-01 00:00:00'),
(2237, 2, 1, 3, '12', 'Juli', '2019', '2019-07-01 00:00:00'),
(2238, 7, 1, 3, '20', 'Juli', '2019', '2019-07-01 00:00:00'),
(2239, 8, 1, 3, '15', 'Juli', '2019', '2019-07-01 00:00:00'),
(2240, 6, 2, 3, '8', 'Juli', '2019', '2019-07-01 00:00:00'),
(2241, 5, 2, 3, '15', 'Juli', '2019', '2019-07-01 00:00:00'),
(2242, 9, 2, 3, '18', 'Juli', '2019', '2019-07-01 00:00:00'),
(2243, 10, 2, 3, '15', 'Juli', '2019', '2019-07-01 00:00:00'),
(2244, 2, 2, 3, '9', 'Juli', '2019', '2019-07-01 00:00:00'),
(2245, 7, 2, 3, '17', 'Juni', '2019', '2019-06-01 00:00:00'),
(2246, 8, 2, 3, '15', 'Juli', '2019', '2019-07-01 00:00:00'),
(2247, 6, 5, 3, '4', 'Juli', '2019', '2019-07-01 00:00:00'),
(2248, 5, 5, 3, '20', 'Juli', '2019', '2019-07-01 00:00:00'),
(2249, 9, 5, 3, '4', 'Juli', '2019', '2019-07-01 00:00:00'),
(2250, 10, 5, 3, '10', 'Juli', '2019', '2019-07-01 00:00:00'),
(2251, 2, 5, 3, '6', 'Juli', '2019', '2019-07-01 00:00:00'),
(2252, 7, 5, 3, '9', 'Juli', '2019', '2019-07-01 00:00:00'),
(2253, 8, 5, 3, '20', 'Juli', '2019', '2019-07-01 00:00:00'),
(2254, 6, 3, 3, '15', 'Juli', '2019', '2019-07-01 00:00:00'),
(2255, 5, 3, 3, '15', 'Juli', '2019', '2019-07-01 00:00:00'),
(2256, 9, 3, 3, '10', 'Juli', '2019', '2019-07-01 00:00:00'),
(2257, 10, 3, 3, '4', 'Juli', '2019', '2019-07-01 00:00:00'),
(2258, 2, 3, 3, '9', 'Juli', '2019', '2019-07-01 00:00:00'),
(2259, 7, 3, 3, '10', 'Juli', '2019', '2019-07-01 00:00:00'),
(2260, 8, 3, 3, '24', 'Juli', '2019', '2019-07-01 00:00:00'),
(2261, 6, 4, 3, '9', 'Juli', '2019', '2019-07-01 00:00:00'),
(2262, 5, 4, 3, '13', 'Juli', '2019', '2019-07-01 00:00:00'),
(2263, 9, 4, 3, '9', 'Juli', '2019', '2019-07-01 00:00:00'),
(2264, 10, 4, 3, '9', 'Juli', '2019', '2019-07-01 00:00:00'),
(2265, 2, 4, 3, '11', 'Juli', '2019', '2019-07-01 00:00:00'),
(2266, 7, 4, 3, '6', 'Juli', '2019', '2019-07-01 00:00:00'),
(2267, 8, 4, 3, '13', 'Juli', '2019', '2019-07-01 00:00:00'),
(2298, 6, 1, 3, '17', 'Agustus', '2019', '2019-08-01 00:00:00'),
(2299, 5, 1, 3, '15', 'Agustus', '2019', '2019-08-01 00:00:00'),
(2300, 9, 1, 3, '10', 'Agustus', '2019', '2019-08-01 00:00:00'),
(2301, 10, 1, 3, '20', 'Agustus', '2019', '2019-08-01 00:00:00'),
(2302, 2, 1, 3, '12', 'Agustus', '2019', '2019-08-01 00:00:00'),
(2303, 7, 1, 3, '24', 'Agustus', '2019', '2019-08-01 00:00:00'),
(2304, 8, 1, 3, '15', 'Agustus', '2019', '2019-08-01 00:00:00'),
(2305, 6, 2, 3, '7', 'Agustus', '2019', '2019-08-01 00:00:00'),
(2306, 5, 2, 3, '15', 'Agustus', '2019', '2019-08-01 00:00:00'),
(2307, 9, 2, 3, '16', 'Agustus', '2019', '2019-08-01 00:00:00'),
(2308, 10, 2, 3, '17', 'Agustus', '2019', '2019-08-01 00:00:00'),
(2309, 2, 2, 3, '15', 'Agustus', '2019', '2019-08-01 00:00:00'),
(2310, 7, 2, 3, '16', 'Juli', '2019', '2019-07-01 00:00:00'),
(2311, 8, 2, 3, '15', 'Agustus', '2019', '2019-08-01 00:00:00'),
(2312, 6, 5, 3, '5', 'Agustus', '2019', '2019-08-01 00:00:00'),
(2313, 5, 5, 3, '20', 'Agustus', '2019', '2019-08-01 00:00:00'),
(2314, 9, 5, 3, '4', 'Agustus', '2019', '2019-08-01 00:00:00'),
(2315, 10, 5, 3, '15', 'Agustus', '2019', '2019-08-01 00:00:00'),
(2316, 2, 5, 3, '6', 'Agustus', '2019', '2019-08-01 00:00:00'),
(2317, 7, 5, 3, '10', 'Agustus', '2019', '2019-08-01 00:00:00'),
(2318, 8, 5, 3, '20', 'Agustus', '2019', '2019-08-01 00:00:00'),
(2319, 6, 3, 3, '15', 'Agustus', '2019', '2019-08-01 00:00:00'),
(2320, 5, 3, 3, '17', 'Agustus', '2019', '2019-08-01 00:00:00'),
(2321, 9, 3, 3, '9', 'Agustus', '2019', '2019-08-01 00:00:00'),
(2322, 10, 3, 3, '5', 'Agustus', '2019', '2019-08-01 00:00:00'),
(2323, 2, 3, 3, '9', 'Agustus', '2019', '2019-08-01 00:00:00'),
(2324, 7, 3, 3, '10', 'Agustus', '2019', '2019-08-01 00:00:00'),
(2325, 8, 3, 3, '17', 'Agustus', '2019', '2019-08-01 00:00:00'),
(2326, 6, 4, 3, '8', 'Agustus', '2019', '2019-08-01 00:00:00'),
(2327, 5, 4, 3, '15', 'Agustus', '2019', '2019-08-01 00:00:00'),
(2328, 9, 4, 3, '9', 'Agustus', '2019', '2019-08-01 00:00:00'),
(2329, 10, 4, 3, '11', 'Agustus', '2019', '2019-08-01 00:00:00'),
(2330, 2, 4, 3, '12', 'Agustus', '2019', '2019-08-01 00:00:00'),
(2331, 7, 4, 3, '5', 'Agustus', '2019', '2019-08-01 00:00:00'),
(2332, 8, 4, 3, '15', 'Agustus', '2019', '2019-08-01 00:00:00'),
(2373, 6, 1, 3, '21', 'September', '2019', '2019-09-01 00:00:00'),
(2374, 5, 1, 3, '15', 'September', '2019', '2019-09-01 00:00:00'),
(2375, 9, 1, 3, '15', 'September', '2019', '2019-09-01 00:00:00'),
(2376, 10, 1, 3, '19', 'September', '2019', '2019-09-01 00:00:00'),
(2377, 2, 1, 3, '10', 'September', '2019', '2019-09-01 00:00:00'),
(2378, 7, 1, 3, '22', 'September', '2019', '2019-09-01 00:00:00'),
(2379, 8, 1, 3, '15', 'September', '2019', '2019-09-01 00:00:00'),
(2380, 6, 2, 3, '7', 'September', '2019', '2019-09-01 00:00:00'),
(2381, 5, 2, 3, '14', 'September', '2019', '2019-09-01 00:00:00'),
(2382, 9, 2, 3, '19', 'September', '2019', '2019-09-01 00:00:00'),
(2383, 10, 2, 3, '19', 'September', '2019', '2019-09-01 00:00:00'),
(2384, 2, 2, 3, '15', 'September', '2019', '2019-09-01 00:00:00'),
(2385, 7, 2, 3, '17', 'Agustus', '2019', '2019-08-01 00:00:00'),
(2386, 8, 2, 3, '15', 'September', '2019', '2019-09-01 00:00:00'),
(2387, 6, 5, 3, '5', 'September', '2019', '2019-09-01 00:00:00'),
(2388, 5, 5, 3, '20', 'September', '2019', '2019-09-01 00:00:00'),
(2389, 9, 5, 3, '6', 'September', '2019', '2019-09-01 00:00:00'),
(2390, 10, 5, 3, '12', 'September', '2019', '2019-09-01 00:00:00'),
(2391, 2, 5, 3, '6', 'September', '2019', '2019-09-01 00:00:00'),
(2392, 7, 5, 3, '9', 'September', '2019', '2019-09-01 00:00:00'),
(2393, 8, 5, 3, '20', 'September', '2019', '2019-09-01 00:00:00'),
(2394, 6, 3, 3, '15', 'September', '2019', '2019-09-01 00:00:00'),
(2395, 5, 3, 3, '18', 'September', '2019', '2019-09-01 00:00:00'),
(2396, 9, 3, 3, '10', 'September', '2019', '2019-09-01 00:00:00'),
(2397, 10, 3, 3, '5', 'September', '2019', '2019-09-01 00:00:00'),
(2398, 2, 3, 3, '10', 'September', '2019', '2019-09-01 00:00:00'),
(2399, 7, 3, 3, '9', 'September', '2019', '2019-09-01 00:00:00'),
(2400, 8, 3, 3, '21', 'September', '2019', '2019-09-01 00:00:00'),
(2401, 6, 4, 3, '10', 'September', '2019', '2019-09-01 00:00:00'),
(2402, 5, 4, 3, '15', 'September', '2019', '2019-09-01 00:00:00'),
(2403, 9, 4, 3, '10', 'September', '2019', '2019-09-01 00:00:00'),
(2404, 10, 4, 3, '12', 'September', '2019', '2019-09-01 00:00:00'),
(2405, 2, 4, 3, '9', 'September', '2019', '2019-09-01 00:00:00'),
(2406, 7, 4, 3, '6', 'September', '2019', '2019-09-01 00:00:00'),
(2407, 8, 4, 3, '15', 'September', '2019', '2019-09-01 00:00:00'),
(2438, 6, 1, 3, '22', 'Oktober', '2019', '2019-10-01 00:00:00'),
(2439, 5, 1, 3, '15', 'Oktober', '2019', '2019-10-01 00:00:00'),
(2440, 9, 1, 3, '18', 'Oktober', '2019', '2019-10-01 00:00:00'),
(2441, 10, 1, 3, '19', 'Oktober', '2019', '2019-10-01 00:00:00'),
(2442, 2, 1, 3, '13', 'Oktober', '2019', '2019-10-01 00:00:00'),
(2443, 7, 1, 3, '21', 'Oktober', '2019', '2019-10-01 00:00:00'),
(2444, 8, 1, 3, '14', 'Oktober', '2019', '2019-10-01 00:00:00'),
(2445, 6, 2, 3, '7', 'Oktober', '2019', '2019-10-01 00:00:00'),
(2446, 5, 2, 3, '15', 'Oktober', '2019', '2019-10-01 00:00:00'),
(2447, 9, 2, 3, '20', 'Oktober', '2019', '2019-10-01 00:00:00'),
(2448, 10, 2, 3, '19', 'Oktober', '2019', '2019-10-01 00:00:00'),
(2449, 2, 2, 3, '12', 'Oktober', '2019', '2019-10-01 00:00:00'),
(2450, 7, 2, 3, '20', 'September', '2019', '2019-09-01 00:00:00'),
(2451, 8, 2, 3, '15', 'Oktober', '2019', '2019-10-01 00:00:00'),
(2452, 6, 5, 3, '4', 'Oktober', '2019', '2019-10-01 00:00:00'),
(2453, 5, 5, 3, '20', 'Oktober', '2019', '2019-10-01 00:00:00'),
(2454, 9, 5, 3, '7', 'Oktober', '2019', '2019-10-01 00:00:00'),
(2455, 10, 5, 3, '15', 'Oktober', '2019', '2019-10-01 00:00:00'),
(2456, 2, 5, 3, '7', 'Oktober', '2019', '2019-10-01 00:00:00'),
(2457, 7, 5, 3, '10', 'Oktober', '2019', '2019-10-01 00:00:00'),
(2458, 8, 5, 3, '20', 'Oktober', '2019', '2019-10-01 00:00:00'),
(2459, 6, 3, 3, '14', 'Oktober', '2019', '2019-10-01 00:00:00'),
(2460, 5, 3, 3, '20', 'Oktober', '2019', '2019-10-01 00:00:00'),
(2461, 9, 3, 3, '8', 'Oktober', '2019', '2019-10-01 00:00:00'),
(2462, 10, 3, 3, '8', 'Oktober', '2019', '2019-10-01 00:00:00'),
(2463, 2, 3, 3, '12', 'Oktober', '2019', '2019-10-01 00:00:00'),
(2464, 7, 3, 3, '10', 'Oktober', '2019', '2019-10-01 00:00:00'),
(2465, 8, 3, 3, '22', 'Oktober', '2019', '2019-10-01 00:00:00'),
(2466, 6, 4, 3, '9', 'Oktober', '2019', '2019-10-01 00:00:00'),
(2467, 5, 4, 3, '15', 'Oktober', '2019', '2019-10-01 00:00:00'),
(2468, 9, 4, 3, '10', 'Oktober', '2019', '2019-10-01 00:00:00'),
(2469, 10, 4, 3, '9', 'Oktober', '2019', '2019-10-01 00:00:00'),
(2470, 2, 4, 3, '8', 'Oktober', '2019', '2019-10-01 00:00:00'),
(2471, 7, 4, 3, '4', 'Oktober', '2019', '2019-10-01 00:00:00'),
(2472, 8, 4, 3, '15', 'Oktober', '2019', '2019-10-01 00:00:00'),
(2513, 6, 1, 3, '19', 'November', '2019', '2019-11-01 00:00:00'),
(2514, 5, 1, 3, '14', 'November', '2019', '2019-11-01 00:00:00'),
(2515, 9, 1, 3, '20', 'November', '2019', '2019-11-01 00:00:00'),
(2516, 10, 1, 3, '20', 'November', '2019', '2019-11-01 00:00:00'),
(2517, 2, 1, 3, '9', 'November', '2019', '2019-11-01 00:00:00'),
(2518, 7, 1, 3, '25', 'November', '2019', '2019-11-01 00:00:00'),
(2519, 8, 1, 3, '14', 'November', '2019', '2019-11-01 00:00:00'),
(2520, 6, 2, 3, '6', 'November', '2019', '2019-11-01 00:00:00'),
(2521, 5, 2, 3, '15', 'November', '2019', '2019-11-01 00:00:00'),
(2522, 9, 2, 3, '9', 'November', '2019', '2019-11-01 00:00:00'),
(2523, 10, 2, 3, '24', 'November', '2019', '2019-11-01 00:00:00'),
(2524, 2, 2, 3, '10', 'November', '2019', '2019-11-01 00:00:00'),
(2525, 7, 2, 3, '21', 'Oktober', '2019', '2019-10-01 00:00:00'),
(2526, 8, 2, 3, '15', 'November', '2019', '2019-11-01 00:00:00'),
(2527, 6, 5, 3, '3', 'November', '2019', '2019-11-01 00:00:00'),
(2528, 5, 5, 3, '20', 'November', '2019', '2019-11-01 00:00:00'),
(2529, 9, 5, 3, '7', 'November', '2019', '2019-11-01 00:00:00'),
(2530, 10, 5, 3, '14', 'November', '2019', '2019-11-01 00:00:00'),
(2531, 2, 5, 3, '8', 'November', '2019', '2019-11-01 00:00:00'),
(2532, 7, 5, 3, '10', 'November', '2019', '2019-11-01 00:00:00'),
(2533, 8, 5, 3, '19', 'November', '2019', '2019-11-01 00:00:00'),
(2534, 6, 3, 3, '14', 'November', '2019', '2019-11-01 00:00:00'),
(2535, 5, 3, 3, '20', 'November', '2019', '2019-11-01 00:00:00'),
(2536, 9, 3, 3, '9', 'November', '2019', '2019-11-01 00:00:00'),
(2537, 10, 3, 3, '5', 'November', '2019', '2019-11-01 00:00:00'),
(2538, 2, 3, 3, '12', 'November', '2019', '2019-11-01 00:00:00'),
(2539, 7, 3, 3, '9', 'November', '2019', '2019-11-01 00:00:00'),
(2540, 8, 3, 3, '19', 'November', '2019', '2019-11-01 00:00:00'),
(2541, 6, 4, 3, '9', 'November', '2019', '2019-11-01 00:00:00'),
(2542, 5, 4, 3, '15', 'November', '2019', '2019-11-01 00:00:00'),
(2543, 9, 4, 3, '9', 'November', '2019', '2019-11-01 00:00:00'),
(2544, 10, 4, 3, '10', 'November', '2019', '2019-11-01 00:00:00'),
(2545, 2, 4, 3, '5', 'November', '2019', '2019-11-01 00:00:00'),
(2546, 7, 4, 3, '4', 'November', '2019', '2019-11-01 00:00:00'),
(2547, 8, 4, 3, '14', 'November', '2019', '2019-11-01 00:00:00'),
(2578, 6, 1, 3, '18', 'Desember', '2019', '2019-12-01 00:00:00'),
(2580, 9, 1, 3, '22', 'Desember', '2019', '2019-12-01 00:00:00'),
(2581, 10, 1, 3, '20', 'Desember', '2019', '2019-12-01 00:00:00'),
(2582, 2, 1, 3, '10', 'Desember', '2019', '2019-12-01 00:00:00'),
(2583, 7, 1, 3, '20', 'Desember', '2019', '2019-12-01 00:00:00'),
(2584, 8, 1, 3, '15', 'Desember', '2019', '2019-12-01 00:00:00'),
(2585, 6, 2, 3, '7', 'Desember', '2019', '2019-12-01 00:00:00'),
(2586, 5, 2, 3, '14', 'Desember', '2019', '2019-12-01 00:00:00'),
(2587, 9, 2, 3, '10', 'Desember', '2019', '2019-12-01 00:00:00'),
(2588, 10, 2, 3, '21', 'Desember', '2019', '2019-12-01 00:00:00'),
(2589, 2, 2, 3, '10', 'Desember', '2019', '2019-12-01 00:00:00'),
(2590, 7, 2, 3, '22', 'November', '2019', '2019-11-01 00:00:00'),
(2591, 8, 2, 3, '15', 'Desember', '2019', '2019-12-01 00:00:00'),
(2592, 6, 5, 3, '4', 'Desember', '2019', '2019-12-01 00:00:00'),
(2593, 5, 5, 3, '20', 'Desember', '2019', '2019-12-01 00:00:00'),
(2594, 9, 5, 3, '5', 'Desember', '2019', '2019-12-01 00:00:00'),
(2595, 10, 5, 3, '15', 'Desember', '2019', '2019-12-01 00:00:00'),
(2596, 2, 5, 3, '9', 'Desember', '2019', '2019-12-01 00:00:00'),
(2597, 7, 5, 3, '8', 'Desember', '2019', '2019-12-01 00:00:00'),
(2598, 8, 5, 3, '20', 'Desember', '2019', '2019-12-01 00:00:00'),
(2599, 6, 3, 3, '15', 'Desember', '2019', '2019-12-01 00:00:00'),
(2600, 5, 3, 3, '22', 'Desember', '2019', '2019-12-01 00:00:00'),
(2601, 9, 3, 3, '10', 'Desember', '2019', '2019-12-01 00:00:00'),
(2602, 10, 3, 3, '4', 'Desember', '2019', '2019-12-01 00:00:00'),
(2603, 2, 3, 3, '16', 'Desember', '2019', '2019-12-01 00:00:00'),
(2604, 7, 3, 3, '10', 'Desember', '2019', '2019-12-01 00:00:00'),
(2605, 8, 3, 3, '18', 'Desember', '2019', '2019-12-01 00:00:00'),
(2606, 6, 4, 3, '10', 'Desember', '2019', '2019-12-01 00:00:00'),
(2607, 5, 4, 3, '15', 'Desember', '2019', '2019-12-01 00:00:00'),
(2608, 9, 4, 3, '10', 'Desember', '2019', '2019-12-01 00:00:00'),
(2609, 10, 4, 3, '8', 'Desember', '2019', '2019-12-01 00:00:00'),
(2610, 2, 4, 3, '6', 'Desember', '2019', '2019-12-01 00:00:00'),
(2611, 7, 4, 3, '3', 'Desember', '2019', '2019-12-01 00:00:00'),
(2612, 8, 4, 3, '15', 'Desember', '2019', '2019-12-01 00:00:00'),
(2653, 5, 1, 1, '0', 'Januari', '2017', '2017-01-01 00:00:00'),
(2654, 5, 1, 2, '7', 'Januari', '2017', '2017-01-01 00:00:00'),
(2655, 5, 1, 4, '1', 'Januari', '2017', '2017-01-01 00:00:00'),
(2656, 5, 2, 1, '0', 'Januari', '2017', '2017-01-01 00:00:00'),
(2657, 5, 2, 2, '8', 'Januari', '2017', '2017-01-01 00:00:00'),
(2658, 5, 2, 4, '3', 'Januari', '2017', '2017-01-01 00:00:00'),
(2659, 5, 5, 1, '0', 'Januari', '2017', '2017-01-01 00:00:00'),
(2660, 5, 5, 2, '3', 'Januari', '2017', '2017-01-01 00:00:00'),
(2661, 5, 5, 4, '1', 'Januari', '2017', '2017-01-01 00:00:00'),
(2662, 5, 3, 1, '0', 'Januari', '2017', '2017-01-01 00:00:00'),
(2667, 5, 2, 3, '7', 'Februari', '2019', '2019-02-01 00:00:00'),
(2669, 7, 2, 3, '21', 'Desember', '2019', '2019-12-01 00:00:00'),
(2670, 6, 1, 1, '0', 'Januari', '2018', '2018-01-01 00:00:00'),
(2671, 6, 2, 1, '0', 'Januari', '2018', '2018-01-01 00:00:00'),
(2672, 6, 3, 1, '0', 'Januari', '2018', '2018-01-01 00:00:00'),
(2673, 6, 4, 1, '0', 'Januari', '2018', '2018-01-01 00:00:00'),
(2674, 6, 1, 2, '12', 'Januari', '2018', '2018-01-01 00:00:00'),
(2675, 6, 2, 2, '12', 'Januari', '2018', '2018-01-01 00:00:00'),
(2676, 5, 5, 2, '0', 'Januari', '2018', '2018-01-01 00:00:00'),
(2677, 6, 1, 4, '5', 'Januari', '2018', '2018-01-01 00:00:00'),
(2678, 6, 3, 4, '6', 'Januari', '2018', '2018-01-01 00:00:00');

-- --------------------------------------------------------

--
-- Table structure for table `pupuk`
--

CREATE TABLE `pupuk` (
  `id_pupuk` int(100) NOT NULL,
  `nama_pupuk` varchar(1000) NOT NULL,
  `warna` varchar(255) NOT NULL
) ENGINE=InnoDB DEFAULT CHARSET=latin1;

--
-- Dumping data for table `pupuk`
--

INSERT INTO `pupuk` (`id_pupuk`, `nama_pupuk`, `warna`) VALUES
(1, 'Urea', '#515E63'),
(2, 'ZA', '#57837B'),
(3, 'NPK', '#C9D8B6'),
(4, 'Organik', '#F1ECC3'),
(5, 'SP-36', '#BB8760');

-- --------------------------------------------------------

--
-- Table structure for table `users`
--

CREATE TABLE `users` (
  `id_user` int(11) NOT NULL,
  `nama` varchar(64) NOT NULL,
  `username` varchar(64) NOT NULL,
  `password` varchar(32) NOT NULL,
  `level` int(11) NOT NULL,
  `gambar` varchar(128) NOT NULL DEFAULT 'default.png'
) ENGINE=InnoDB DEFAULT CHARSET=latin1;

--
-- Dumping data for table `users`
--

INSERT INTO `users` (`id_user`, `nama`, `username`, `password`, `level`, `gambar`) VALUES
(14, 'admin', 'admin', '21232f297a57a5a743894a0e4a801fc3', 1, '97c9aab982ebdafad4ae3295a7df51e5.png'),
(15, 'Nur', 'admin2', 'c84258e9c39059a89ab77d846ddab909', 1, 'default.png');

-- --------------------------------------------------------

--
-- Table structure for table `_config`
--

CREATE TABLE `_config` (
  `_key` varchar(16) NOT NULL,
  `_value` varchar(64) NOT NULL
) ENGINE=InnoDB DEFAULT CHARSET=latin1;

--
-- Dumping data for table `_config`
--

INSERT INTO `_config` (`_key`, `_value`) VALUES
('beta1', '0.9125'),
('beta2', '0.0875');

--
-- Indexes for dumped tables
--

--
-- Indexes for table `detail_distribusi`
--
ALTER TABLE `detail_distribusi`
  ADD PRIMARY KEY (`id_detail`),
  ADD KEY `fk_distribusi` (`id_distribusi`),
  ADD KEY `id_kios` (`id_kios`),
  ADD KEY `id_pupuk` (`id_pupuk`);

--
-- Indexes for table `distribusi`
--
ALTER TABLE `distribusi`
  ADD PRIMARY KEY (`id_distribusi`),
  ADD KEY `id_pupuk` (`id_pupuk`),
  ADD KEY `id_kios` (`id_kios`),
  ADD KEY `fk_karyawan` (`fk_karyawan`);

--
-- Indexes for table `jenis`
--
ALTER TABLE `jenis`
  ADD PRIMARY KEY (`id_jenis`);

--
-- Indexes for table `kategori`
--
ALTER TABLE `kategori`
  ADD PRIMARY KEY (`id_kategori`);

--
-- Indexes for table `kios`
--
ALTER TABLE `kios`
  ADD PRIMARY KEY (`id_kios`);

--
-- Indexes for table `laporan`
--
ALTER TABLE `laporan`
  ADD PRIMARY KEY (`id_laporan`),
  ADD KEY `id_kios` (`id_kios`),
  ADD KEY `id_pupuk` (`id_pupuk`),
  ADD KEY `id_jenis` (`id_jenis`);

--
-- Indexes for table `pupuk`
--
ALTER TABLE `pupuk`
  ADD PRIMARY KEY (`id_pupuk`);

--
-- Indexes for table `users`
--
ALTER TABLE `users`
  ADD PRIMARY KEY (`id_user`);

--
-- Indexes for table `_config`
--
ALTER TABLE `_config`
  ADD PRIMARY KEY (`_key`);

--
-- AUTO_INCREMENT for dumped tables
--

--
-- AUTO_INCREMENT for table `detail_distribusi`
--
ALTER TABLE `detail_distribusi`
  MODIFY `id_detail` int(255) NOT NULL AUTO_INCREMENT;

--
-- AUTO_INCREMENT for table `distribusi`
--
ALTER TABLE `distribusi`
  MODIFY `id_distribusi` int(255) NOT NULL AUTO_INCREMENT, AUTO_INCREMENT=10;

--
-- AUTO_INCREMENT for table `jenis`
--
ALTER TABLE `jenis`
  MODIFY `id_jenis` int(255) NOT NULL AUTO_INCREMENT, AUTO_INCREMENT=5;

--
-- AUTO_INCREMENT for table `kategori`
--
ALTER TABLE `kategori`
  MODIFY `id_kategori` int(3) NOT NULL AUTO_INCREMENT, AUTO_INCREMENT=6;

--
-- AUTO_INCREMENT for table `kios`
--
ALTER TABLE `kios`
  MODIFY `id_kios` int(100) NOT NULL AUTO_INCREMENT, AUTO_INCREMENT=13;

--
-- AUTO_INCREMENT for table `laporan`
--
ALTER TABLE `laporan`
  MODIFY `id_laporan` int(100) NOT NULL AUTO_INCREMENT, AUTO_INCREMENT=2679;

--
-- AUTO_INCREMENT for table `pupuk`
--
ALTER TABLE `pupuk`
  MODIFY `id_pupuk` int(100) NOT NULL AUTO_INCREMENT, AUTO_INCREMENT=7;

--
-- AUTO_INCREMENT for table `users`
--
ALTER TABLE `users`
  MODIFY `id_user` int(11) NOT NULL AUTO_INCREMENT, AUTO_INCREMENT=16;

--
-- Constraints for dumped tables
--

--
-- Constraints for table `detail_distribusi`
--
ALTER TABLE `detail_distribusi`
  ADD CONSTRAINT `detail_distribusi_ibfk_1` FOREIGN KEY (`id_kios`) REFERENCES `kios` (`id_kios`) ON DELETE CASCADE ON UPDATE CASCADE,
  ADD CONSTRAINT `detail_distribusi_ibfk_2` FOREIGN KEY (`id_pupuk`) REFERENCES `pupuk` (`id_pupuk`) ON DELETE CASCADE ON UPDATE CASCADE,
  ADD CONSTRAINT `detail_distribusi_ibfk_3` FOREIGN KEY (`id_distribusi`) REFERENCES `distribusi` (`id_distribusi`) ON DELETE CASCADE ON UPDATE CASCADE;

--
-- Constraints for table `distribusi`
--
ALTER TABLE `distribusi`
  ADD CONSTRAINT `distribusi_ibfk_1` FOREIGN KEY (`id_pupuk`) REFERENCES `pupuk` (`id_pupuk`) ON DELETE CASCADE ON UPDATE CASCADE,
  ADD CONSTRAINT `distribusi_ibfk_2` FOREIGN KEY (`id_kios`) REFERENCES `kios` (`id_kios`) ON DELETE CASCADE ON UPDATE CASCADE,
  ADD CONSTRAINT `distribusi_ibfk_3` FOREIGN KEY (`fk_karyawan`) REFERENCES `users` (`id_user`) ON DELETE CASCADE ON UPDATE CASCADE;

--
-- Constraints for table `laporan`
--
ALTER TABLE `laporan`
  ADD CONSTRAINT `laporan_ibfk_1` FOREIGN KEY (`id_pupuk`) REFERENCES `pupuk` (`id_pupuk`) ON DELETE CASCADE ON UPDATE CASCADE,
  ADD CONSTRAINT `laporan_ibfk_2` FOREIGN KEY (`id_kios`) REFERENCES `kios` (`id_kios`) ON DELETE CASCADE ON UPDATE CASCADE,
  ADD CONSTRAINT `laporan_ibfk_3` FOREIGN KEY (`id_jenis`) REFERENCES `jenis` (`id_jenis`) ON DELETE CASCADE ON UPDATE CASCADE;
COMMIT;

/*!40101 SET CHARACTER_SET_CLIENT=@OLD_CHARACTER_SET_CLIENT */;
/*!40101 SET CHARACTER_SET_RESULTS=@OLD_CHARACTER_SET_RESULTS */;
/*!40101 SET COLLATION_CONNECTION=@OLD_COLLATION_CONNECTION */;
